-- MySQL dump 10.13  Distrib 8.0.20, for Win64 (x86_64)
--
-- Host: localhost    Database: nalog
-- ------------------------------------------------------
-- Server version	8.0.21

/*!40101 SET @OLD_CHARACTER_SET_CLIENT=@@CHARACTER_SET_CLIENT */;
/*!40101 SET @OLD_CHARACTER_SET_RESULTS=@@CHARACTER_SET_RESULTS */;
/*!40101 SET @OLD_COLLATION_CONNECTION=@@COLLATION_CONNECTION */;
/*!50503 SET NAMES utf8 */;
/*!40103 SET @OLD_TIME_ZONE=@@TIME_ZONE */;
/*!40103 SET TIME_ZONE='+00:00' */;
/*!40014 SET @OLD_UNIQUE_CHECKS=@@UNIQUE_CHECKS, UNIQUE_CHECKS=0 */;
/*!40014 SET @OLD_FOREIGN_KEY_CHECKS=@@FOREIGN_KEY_CHECKS, FOREIGN_KEY_CHECKS=0 */;
/*!40101 SET @OLD_SQL_MODE=@@SQL_MODE, SQL_MODE='NO_AUTO_VALUE_ON_ZERO' */;
/*!40111 SET @OLD_SQL_NOTES=@@SQL_NOTES, SQL_NOTES=0 */;

--
-- Table structure for table `banks`
--

DROP TABLE IF EXISTS `banks`;
/*!40101 SET @saved_cs_client     = @@character_set_client */;
/*!50503 SET character_set_client = utf8mb4 */;
CREATE TABLE `banks` (
  `id` bigint unsigned NOT NULL AUTO_INCREMENT,
  `name` varchar(255) COLLATE utf8mb4_unicode_ci NOT NULL,
  `bik` varchar(255) COLLATE utf8mb4_unicode_ci NOT NULL,
  `created_at` timestamp NULL DEFAULT NULL,
  `updated_at` timestamp NULL DEFAULT NULL,
  PRIMARY KEY (`id`)
) ENGINE=InnoDB AUTO_INCREMENT=86 DEFAULT CHARSET=utf8mb4 COLLATE=utf8mb4_unicode_ci;
/*!40101 SET character_set_client = @saved_cs_client */;

--
-- Dumping data for table `banks`
--

LOCK TABLES `banks` WRITE;
/*!40000 ALTER TABLE `banks` DISABLE KEYS */;
INSERT INTO `banks` VALUES (1,'ОТДЕЛЕНИЕ-НБ РЕСПУБЛИКА АДЫГЕЯ','047908001',NULL,NULL),(2,'Отделение-НБ Республика Башкортостан','048073001',NULL,NULL),(3,'ОТДЕЛЕНИЕ-НБ РЕСПУБЛИКА БУРЯТИЯ','048142001',NULL,NULL),(4,'ОТДЕЛЕНИЕ-НБ РЕСПУБЛИКА АЛТАЙ','048405001',NULL,NULL),(5,'ОТДЕЛЕНИЕ-НБ РЕСПУБЛИКА ДАГЕСТАН','048209001',NULL,NULL),(6,'ОТДЕЛЕНИЕ-НБ РЕСПУБЛИКА ИНГУШЕТИЯ','042618001',NULL,NULL),(7,'ОТДЕЛЕНИЕ-НБ КАБАРДИНО-БАЛКАРСКАЯ РЕСПУБЛИКА','048327001',NULL,NULL),(8,'ОТДЕЛЕНИЕ-НБ РЕСПУБЛИКА КАЛМЫКИЯ','048580001',NULL,NULL),(9,'ОТДЕЛЕНИЕ-НБ КАРАЧАЕВО-ЧЕРКЕССКАЯ РЕСПУБЛИКА','049133001',NULL,NULL),(10,'ОТДЕЛЕНИЕ-НБ РЕСПУБЛИКА КАРЕЛИЯ','048602001',NULL,NULL),(11,'Отделение-НБ Республика Коми','048702001',NULL,NULL),(12,'ОТДЕЛЕНИЕ-НБ РЕСПУБЛИКА МАРИЙ ЭЛ','048860001',NULL,NULL),(13,'ОТДЕЛЕНИЕ-НБ РЕСПУБЛИКА МОРДОВИЯ','048952001',NULL,NULL),(14,'Отделение-НБ Республика Саха (Якутия)','049805001',NULL,NULL),(15,'ОТДЕЛЕНИЕ-НБ РЕСП. СЕВЕРНАЯ ОСЕТИЯ-АЛАНИЯ Г. ВЛАДИКАВКАЗ','049033001',NULL,NULL),(16,'Отделение -НБ Республика Татарстан','049205001',NULL,NULL),(17,'ОТДЕЛЕНИЕ-НБ РЕСПУБЛИКА ТЫВА Г. КЫЗЫЛ','049304001',NULL,NULL),(18,'ОТДЕЛЕНИЕ-НБ УДМУРТСКАЯ РЕСПУБЛИКА','049401001',NULL,NULL),(19,'ОТДЕЛЕНИЕ-НБ РЕСПУБЛИКА ХАКАСИЯ','049514001',NULL,NULL),(20,'ОТДЕЛЕНИЕ-НБ ЧЕЧЕНСКАЯ РЕСПУБЛИКА Г. ГРОЗНЫЙ','049690001',NULL,NULL),(21,'Отделение-НБ Чувашская Республика','049706001',NULL,NULL),(22,'Отделение Барнаул г. Барнаул','040173001',NULL,NULL),(23,'ЮЖНОЕ ГУ БАНКА РОССИИ','040349001',NULL,NULL),(24,'ОТДЕЛЕНИЕ КРАСНОЯРСК','040407001',NULL,NULL),(25,'ДАЛЬНЕВОСТОЧНОЕ ГУ БАНКА РОССИИ','040507001',NULL,NULL),(26,'ОТДЕЛЕНИЕ СТАВРОПОЛЬ','040702001',NULL,NULL),(27,'ОТДЕЛЕНИЕ ХАБАРОВСК','040813001',NULL,NULL),(28,'Отделение Благовещенск','041012001',NULL,NULL),(29,'Отделение Архангельск','041117001',NULL,NULL),(30,'Отделение Астрахань','041203001',NULL,NULL),(31,'Отделение Белгород','041403001',NULL,NULL),(32,'Отделение Брянск','041501001',NULL,NULL),(33,'ОТДЕЛЕНИЕ ВЛАДИМИР','041708001',NULL,NULL),(34,'ОТДЕЛЕНИЕ ВОЛГОГРАД','041806001',NULL,NULL),(35,'Отделение Вологда','041909001',NULL,NULL),(36,'ОТДЕЛЕНИЕ ВОРОНЕЖ','042007001',NULL,NULL),(37,'Отделение Иваново','042406001',NULL,NULL),(38,'Отделение Иркутск','042520001',NULL,NULL),(39,'Отделение Калининград','042748001',NULL,NULL),(40,'ОТДЕЛЕНИЕ КАЛУГА','042908001',NULL,NULL),(41,'ОТДЕЛЕНИЕ ПЕТРОПАВЛОВСК-КАМЧАТСКИЙ','043002001',NULL,NULL),(42,'ОТДЕЛЕНИЕ КЕМЕРОВО','043207001',NULL,NULL),(43,'ОТДЕЛЕНИЕ КИРОВ','043304001',NULL,NULL),(44,'ОТДЕЛЕНИЕ КОСТРОМА','043469001',NULL,NULL),(45,'ОТДЕЛЕНИЕ КУРГАН','043735001',NULL,NULL),(46,'ОТДЕЛЕНИЕ КУРСК','043807001',NULL,NULL),(47,'ОТДЕЛЕНИЕ ЛЕНИНГРАДСКОЕ','044106001',NULL,NULL),(48,'Отделение Липецк','044206001',NULL,NULL),(49,'ОТДЕЛЕНИЕ МАГАДАН','044442001',NULL,NULL),(50,'ГУ БАНКА РОССИИ ПО ЦФО','044525000',NULL,NULL),(51,'ОТДЕЛЕНИЕ МУРМАНСК','044705001',NULL,NULL),(52,'ВОЛГО-ВЯТСКОЕ ГУ БАНКА РОССИИ','042202001',NULL,NULL),(53,'ОТДЕЛЕНИЕ НОВГОРОД','044959001',NULL,NULL),(54,'Сибирское ГУ Банка России г.Новосибирск','045004001',NULL,NULL),(55,'Отделение Омск','045209001',NULL,NULL),(56,'ОТДЕЛЕНИЕ ОРЕНБУРГ','045354001',NULL,NULL),(57,'ОТДЕЛЕНИЕ ОРЕЛ','045402001',NULL,NULL),(58,'Отделение Пенза','045655001',NULL,NULL),(59,'Отделение Пермь','045773001',NULL,NULL),(60,'ОТДЕЛЕНИЕ ПСКОВ','045805001',NULL,NULL),(61,'Отделение Ростов-на-Дону г. Ростов-на-Дону','046015001',NULL,NULL),(62,'Отделение Рязань','046126001',NULL,NULL),(63,'ОТДЕЛЕНИЕ САМАРА','043601001',NULL,NULL),(64,'ОТДЕЛЕНИЕ САРАТОВ','046311001',NULL,NULL),(65,'ОТДЕЛЕНИЕ ЮЖНО-САХАЛИНСК','046401001',NULL,NULL),(66,'УРАЛЬСКОЕ ГУ БАНКА РОССИИ','046577001',NULL,NULL),(67,'ОТДЕЛЕНИЕ СМОЛЕНСК','046614001',NULL,NULL),(68,'Отделение Тамбов','046850001',NULL,NULL),(69,'ОТДЕЛЕНИЕ ТВЕРЬ','042809001',NULL,NULL),(70,'ОТДЕЛЕНИЕ ТОМСК','046902001',NULL,NULL),(71,'ОТДЕЛЕНИЕ ТУЛА','047003001',NULL,NULL),(72,'Отделение Тюмень','047102001',NULL,NULL),(73,'Отделение Ульяновск','047308001',NULL,NULL),(74,'ОТДЕЛЕНИЕ ЧЕЛЯБИНСК','047501001',NULL,NULL),(75,'ОТДЕЛЕНИЕ ЧИТА','047601001',NULL,NULL),(76,'ОТДЕЛЕНИЕ ЯРОСЛАВЛЬ','047888001',NULL,NULL),(77,'ГУ БАНКА РОССИИ ПО ЦФО','044525000',NULL,NULL),(78,'СЕВЕРО-ЗАПАДНОЕ ГУ БАНКА РОССИИ','044030001',NULL,NULL),(79,'ОТДЕЛЕНИЕ БИРОБИДЖАН','049923001',NULL,NULL),(80,'РКЦ ХАНТЫ-МАНСИЙСК','047162000',NULL,NULL),(81,'ОТДЕЛЕНИЕ АНАДЫРЬ','047719001',NULL,NULL),(82,'РКЦ САЛЕХАРД','047182000',NULL,NULL),(83,'ОТДЕЛЕНИЕ РЕСПУБЛИКА КРЫМ','043510001',NULL,NULL),(84,'ОТДЕЛЕНИЕ СЕВАСТОПОЛЬ','046711001',NULL,NULL),(85,'ПУ БАНКА РОССИИ N 25631','040037002',NULL,NULL);
/*!40000 ALTER TABLE `banks` ENABLE KEYS */;
UNLOCK TABLES;

--
-- Table structure for table `data_kind_payment_basis`
--

DROP TABLE IF EXISTS `data_kind_payment_basis`;
/*!40101 SET @saved_cs_client     = @@character_set_client */;
/*!50503 SET character_set_client = utf8mb4 */;
CREATE TABLE `data_kind_payment_basis` (
  `id` bigint unsigned NOT NULL AUTO_INCREMENT,
  `data_kind_id` bigint unsigned NOT NULL,
  `payment_basis_id` bigint unsigned NOT NULL,
  `created_at` timestamp NULL DEFAULT NULL,
  `updated_at` timestamp NULL DEFAULT NULL,
  PRIMARY KEY (`id`),
  KEY `data_kind_payment_basis_data_kind_id_foreign` (`data_kind_id`),
  KEY `data_kind_payment_basis_payment_basis_id_foreign` (`payment_basis_id`),
  CONSTRAINT `data_kind_payment_basis_data_kind_id_foreign` FOREIGN KEY (`data_kind_id`) REFERENCES `data_kinds` (`id`),
  CONSTRAINT `data_kind_payment_basis_payment_basis_id_foreign` FOREIGN KEY (`payment_basis_id`) REFERENCES `payment_bases` (`id`)
) ENGINE=InnoDB AUTO_INCREMENT=25 DEFAULT CHARSET=utf8mb4 COLLATE=utf8mb4_unicode_ci;
/*!40101 SET character_set_client = @saved_cs_client */;

--
-- Dumping data for table `data_kind_payment_basis`
--

LOCK TABLES `data_kind_payment_basis` WRITE;
/*!40000 ALTER TABLE `data_kind_payment_basis` DISABLE KEYS */;
INSERT INTO `data_kind_payment_basis` VALUES (11,1,1,NULL,NULL),(12,1,2,NULL,NULL),(13,1,3,NULL,NULL),(14,2,4,NULL,NULL),(15,3,5,NULL,NULL),(16,4,6,NULL,NULL),(17,3,7,NULL,NULL),(18,5,8,NULL,NULL),(19,3,9,NULL,NULL),(20,3,10,NULL,NULL),(21,6,11,NULL,NULL),(22,7,12,NULL,NULL),(23,3,13,NULL,NULL),(24,3,14,NULL,NULL);
/*!40000 ALTER TABLE `data_kind_payment_basis` ENABLE KEYS */;
UNLOCK TABLES;

--
-- Table structure for table `data_kinds`
--

DROP TABLE IF EXISTS `data_kinds`;
/*!40101 SET @saved_cs_client     = @@character_set_client */;
/*!50503 SET character_set_client = utf8mb4 */;
CREATE TABLE `data_kinds` (
  `id` bigint unsigned NOT NULL AUTO_INCREMENT,
  `name` varchar(255) COLLATE utf8mb4_unicode_ci NOT NULL,
  `code` varchar(255) COLLATE utf8mb4_unicode_ci NOT NULL,
  `field_type` varchar(255) COLLATE utf8mb4_unicode_ci NOT NULL,
  `created_at` timestamp NULL DEFAULT NULL,
  `updated_at` timestamp NULL DEFAULT NULL,
  PRIMARY KEY (`id`)
) ENGINE=InnoDB AUTO_INCREMENT=8 DEFAULT CHARSET=utf8mb4 COLLATE=utf8mb4_unicode_ci;
/*!40101 SET character_set_client = @saved_cs_client */;

--
-- Dumping data for table `data_kinds`
--

LOCK TABLES `data_kinds` WRITE;
/*!40000 ALTER TABLE `data_kinds` DISABLE KEYS */;
INSERT INTO `data_kinds` VALUES (1,'Налоговый период','nalog_period','select',NULL,NULL),(2,'Cрок уплаты по требованию','srok_treb','date',NULL,NULL),(3,'Дата уплаты в соотв. с графиком','date_graf','date',NULL,NULL),(4,'Дата завершения отсрочки','date_otsr','date',NULL,NULL),(5,'Дата завершения приостановления взыскания','date_vzsk','date',NULL,NULL),(6,'Дата завершения процедуры, применяемой в деле о банкротстве','date_proc','date',NULL,NULL),(7,'Дата уплаты части инвестиционного налогового кредита','date_kred','date',NULL,NULL);
/*!40000 ALTER TABLE `data_kinds` ENABLE KEYS */;
UNLOCK TABLES;

--
-- Table structure for table `failed_jobs`
--

DROP TABLE IF EXISTS `failed_jobs`;
/*!40101 SET @saved_cs_client     = @@character_set_client */;
/*!50503 SET character_set_client = utf8mb4 */;
CREATE TABLE `failed_jobs` (
  `id` bigint unsigned NOT NULL AUTO_INCREMENT,
  `uuid` varchar(255) COLLATE utf8mb4_unicode_ci NOT NULL,
  `connection` text COLLATE utf8mb4_unicode_ci NOT NULL,
  `queue` text COLLATE utf8mb4_unicode_ci NOT NULL,
  `payload` longtext COLLATE utf8mb4_unicode_ci NOT NULL,
  `exception` longtext COLLATE utf8mb4_unicode_ci NOT NULL,
  `failed_at` timestamp NOT NULL DEFAULT CURRENT_TIMESTAMP,
  PRIMARY KEY (`id`),
  UNIQUE KEY `failed_jobs_uuid_unique` (`uuid`)
) ENGINE=InnoDB DEFAULT CHARSET=utf8mb4 COLLATE=utf8mb4_unicode_ci;
/*!40101 SET character_set_client = @saved_cs_client */;

--
-- Dumping data for table `failed_jobs`
--

LOCK TABLES `failed_jobs` WRITE;
/*!40000 ALTER TABLE `failed_jobs` DISABLE KEYS */;
/*!40000 ALTER TABLE `failed_jobs` ENABLE KEYS */;
UNLOCK TABLES;

--
-- Table structure for table `fields`
--

DROP TABLE IF EXISTS `fields`;
/*!40101 SET @saved_cs_client     = @@character_set_client */;
/*!50503 SET character_set_client = utf8mb4 */;
CREATE TABLE `fields` (
  `id` bigint unsigned NOT NULL AUTO_INCREMENT,
  `name` varchar(255) COLLATE utf8mb4_unicode_ci NOT NULL,
  `code` varchar(255) COLLATE utf8mb4_unicode_ci NOT NULL,
  `table_id` bigint unsigned NOT NULL,
  `created_at` timestamp NULL DEFAULT NULL,
  `updated_at` timestamp NULL DEFAULT NULL,
  PRIMARY KEY (`id`),
  KEY `fields_table_id_foreign` (`table_id`),
  CONSTRAINT `fields_table_id_foreign` FOREIGN KEY (`table_id`) REFERENCES `tables` (`id`)
) ENGINE=InnoDB AUTO_INCREMENT=69 DEFAULT CHARSET=utf8mb4 COLLATE=utf8mb4_unicode_ci;
/*!40101 SET character_set_client = @saved_cs_client */;

--
-- Dumping data for table `fields`
--

LOCK TABLES `fields` WRITE;
/*!40000 ALTER TABLE `fields` DISABLE KEYS */;
INSERT INTO `fields` VALUES (1,'Название','name',1,NULL,NULL),(2,'БИК','bik',1,NULL,NULL),(3,'Id вида даты','data_kind_id',2,NULL,NULL),(4,'Id основания платежа','payment_basis_id',2,NULL,NULL),(7,'Название','name',3,NULL,NULL),(8,'Код','code',3,NULL,NULL),(9,'Тип поля','field_type',3,NULL,NULL),(10,'Код','code',4,NULL,NULL),(11,'Название','name',4,NULL,NULL),(12,'Id субъекта','subject_id',4,NULL,NULL),(13,'Id получателя','recipient_id',4,NULL,NULL),(14,'Номер','number',5,NULL,NULL),(15,'Цена','price',5,NULL,NULL),(16,'Id наименования платежа','payment_name_id',5,NULL,NULL),(17,'Id типа платежа','payment_type_id',5,NULL,NULL),(18,'Id ОКТМО','oktmo_id',5,NULL,NULL),(19,'Id ИФНС','ifns_id',5,NULL,NULL),(20,'Код','code',6,NULL,NULL),(21,'Название','name',6,NULL,NULL),(22,'Id субъекта','subject_id',6,NULL,NULL),(23,'Название','name',7,NULL,NULL),(24,'Id типа плательщика','payer_type_id',7,NULL,NULL),(25,'Код','code',7,NULL,NULL),(26,'Id основания платежа','payment_basis_id',8,NULL,NULL),(27,'Id типа плательщика','payer_type_id',8,NULL,NULL),(28,'Id вида платежа','payment_kind_id',9,NULL,NULL),(29,'Id типа плательщика','payer_type_id',9,NULL,NULL),(30,'Название','name',10,NULL,NULL),(31,'Название','name',11,NULL,NULL),(32,'Код','code',11,NULL,NULL),(33,'Дата','ddate',12,NULL,NULL),(34,'Id КБК','kbk_id',12,NULL,NULL),(35,'Id статуса плательщика','payer_status_id',12,NULL,NULL),(36,'Id ОКТМО','oktmo_id',12,NULL,NULL),(37,'Id ИФНС','ifns_id',12,NULL,NULL),(38,'Имя','firstname',12,NULL,NULL),(39,'Фамилия','surname',12,NULL,NULL),(40,'Отчество','patronymic',12,NULL,NULL),(41,'ИНН','inn',12,NULL,NULL),(42,'Адрес','address',12,NULL,NULL),(43,'Сумма','amount',12,NULL,NULL),(44,'Id основания платежа','payment_basis_id',12,NULL,NULL),(45,'Id пользователя','user_id',12,NULL,NULL),(46,'Название','name',13,NULL,NULL),(47,'Id наименования платежа','payment_name_id',14,NULL,NULL),(48,'Id типа платежа','payment_type_id',14,NULL,NULL),(49,'Название','name',15,NULL,NULL),(50,'Id вида платежа','payment_kind_id',15,NULL,NULL),(51,'Название','name',16,NULL,NULL),(52,'Название','name',17,NULL,NULL),(53,'Id периода','period_id',17,NULL,NULL),(54,'Название','name',18,NULL,NULL),(55,'Id вида даты','data_kind_id',18,NULL,NULL),(56,'Название','name',19,NULL,NULL),(57,'ИНН','inn',19,NULL,NULL),(58,'КПП','kpp',19,NULL,NULL),(59,'Номер счета','account_number',19,NULL,NULL),(60,'Id банка','bank_id',19,NULL,NULL),(61,'Название','name',20,NULL,NULL),(62,'Код','code',20,NULL,NULL),(63,'Email','email',21,NULL,NULL),(64,'Имя','firstname',21,NULL,NULL),(65,'Фамилия','surname',21,NULL,NULL),(66,'Отчество','patronymic',21,NULL,NULL),(67,'ИНН','inn',21,NULL,NULL),(68,'Адрес','address',21,NULL,NULL);
/*!40000 ALTER TABLE `fields` ENABLE KEYS */;
UNLOCK TABLES;

--
-- Table structure for table `ifns`
--

DROP TABLE IF EXISTS `ifns`;
/*!40101 SET @saved_cs_client     = @@character_set_client */;
/*!50503 SET character_set_client = utf8mb4 */;
CREATE TABLE `ifns` (
  `id` bigint unsigned NOT NULL AUTO_INCREMENT,
  `code` varchar(255) COLLATE utf8mb4_unicode_ci NOT NULL,
  `name` varchar(255) COLLATE utf8mb4_unicode_ci NOT NULL,
  `subject_id` bigint unsigned NOT NULL,
  `recipient_id` bigint unsigned NOT NULL,
  `created_at` timestamp NULL DEFAULT NULL,
  `updated_at` timestamp NULL DEFAULT NULL,
  PRIMARY KEY (`id`),
  KEY `ifns_subject_id_foreign` (`subject_id`),
  KEY `ifns_recipient_id_foreign` (`recipient_id`),
  CONSTRAINT `ifns_recipient_id_foreign` FOREIGN KEY (`recipient_id`) REFERENCES `recipients` (`id`),
  CONSTRAINT `ifns_subject_id_foreign` FOREIGN KEY (`subject_id`) REFERENCES `subjects` (`id`)
) ENGINE=InnoDB AUTO_INCREMENT=19 DEFAULT CHARSET=utf8mb4 COLLATE=utf8mb4_unicode_ci;
/*!40101 SET character_set_client = @saved_cs_client */;

--
-- Dumping data for table `ifns`
--

LOCK TABLES `ifns` WRITE;
/*!40000 ALTER TABLE `ifns` DISABLE KEYS */;
INSERT INTO `ifns` VALUES (1,'7400','Управление ФНС России по Челябинской области',74,1,NULL,NULL),(2,'7404','Межрайонная инспекция ФНС России № 21 по Челябинской области',74,1,NULL,NULL),(3,'7413','Межрайонная инспекция ФНС России № 3 по Челябинской области',74,1,NULL,NULL),(4,'7415','Межрайонная инспекция ФНС России № 23 по Челябинской области',74,1,NULL,NULL),(5,'7424','Межрайонная инспекция ФНС России № 15 по Челябинской области',74,1,NULL,NULL),(6,'7430','Межрайонная инспекция ФНС России № 10 по Челябинской области',74,1,NULL,NULL),(7,'7447','Инспекция ФНС России по Калининскому району г. Челябинска',74,1,NULL,NULL),(8,'7448','Инспекция ФНС России по Курчатовскому району г. Челябинска',74,1,NULL,NULL),(9,'7449','Инспекция ФНС России по Ленинскому району г. Челябинска',74,1,NULL,NULL),(10,'7451','Инспекция ФНС России по Советскому району г. Челябинска',74,1,NULL,NULL),(11,'7452','Инспекция ФНС России по Тракторозаводскому району г. Челябинска',74,1,NULL,NULL),(12,'7453','Инспекция ФНС России по Центральному району г. Челябинска',74,1,NULL,NULL),(13,'7455','Межрайонная инспекция ФНС России № 16 по Челябинской области',74,1,NULL,NULL),(14,'7456','Межрайонная инспекция ФНС России № 17 по Челябинской области',74,1,NULL,NULL),(15,'7457','Межрайонная инспекция ФНС России № 18 по Челябинской области',74,1,NULL,NULL),(16,'7458','Межрайонная инспекция ФНС России № 19 по Челябинской области',74,1,NULL,NULL),(17,'7459','Межрайонная инспекция ФНС России № 20 по Челябинской области',74,1,NULL,NULL),(18,'7460','Межрайонная инспекция ФНС России № 22 по Челябинской области',74,1,NULL,NULL);
/*!40000 ALTER TABLE `ifns` ENABLE KEYS */;
UNLOCK TABLES;

--
-- Table structure for table `kbks`
--

DROP TABLE IF EXISTS `kbks`;
/*!40101 SET @saved_cs_client     = @@character_set_client */;
/*!50503 SET character_set_client = utf8mb4 */;
CREATE TABLE `kbks` (
  `id` bigint unsigned NOT NULL AUTO_INCREMENT,
  `number` varchar(255) COLLATE utf8mb4_unicode_ci NOT NULL,
  `price` decimal(8,2) DEFAULT NULL,
  `payment_name_id` bigint unsigned NOT NULL,
  `payment_type_id` bigint unsigned NOT NULL,
  `created_at` timestamp NULL DEFAULT NULL,
  `updated_at` timestamp NULL DEFAULT NULL,
  `oktmo_id` bigint unsigned NOT NULL,
  `ifns_id` bigint unsigned NOT NULL,
  PRIMARY KEY (`id`),
  KEY `kbks_payment_name_id_foreign` (`payment_name_id`),
  KEY `kbks_payment_type_id_foreign` (`payment_type_id`),
  CONSTRAINT `kbks_payment_name_id_foreign` FOREIGN KEY (`payment_name_id`) REFERENCES `payment_names` (`id`),
  CONSTRAINT `kbks_payment_type_id_foreign` FOREIGN KEY (`payment_type_id`) REFERENCES `payment_types` (`id`)
) ENGINE=InnoDB AUTO_INCREMENT=5648 DEFAULT CHARSET=utf8mb4 COLLATE=utf8mb4_unicode_ci;
/*!40101 SET character_set_client = @saved_cs_client */;

--
-- Dumping data for table `kbks`
--

LOCK TABLES `kbks` WRITE;
/*!40000 ALTER TABLE `kbks` DISABLE KEYS */;
INSERT INTO `kbks` VALUES (5084,'182593037111210246812',NULL,142,1,'2020-12-19 12:01:37','2020-12-19 12:01:37',0,0),(5085,'182728336141019210251',NULL,142,2,'2020-12-19 12:01:37','2020-12-19 12:01:37',0,0),(5086,'182372806912014113251',NULL,142,3,'2020-12-19 12:01:37','2020-12-19 12:01:37',0,0),(5087,'182211341620390852117',NULL,142,4,'2020-12-19 12:01:37','2020-12-19 12:01:37',0,0),(5088,'182237961825114311002',NULL,143,1,'2020-12-19 12:01:37','2020-12-19 12:01:37',0,0),(5089,'182958106221702131413',NULL,143,2,'2020-12-19 12:01:37','2020-12-19 12:01:37',0,0),(5090,'182193561071228342110',NULL,143,3,'2020-12-19 12:01:38','2020-12-19 12:01:38',0,0),(5091,'182271191480312132650',NULL,143,4,'2020-12-19 12:01:38','2020-12-19 12:01:38',0,0),(5092,'182161117003492223185',NULL,144,1,'2020-12-19 12:01:38','2020-12-19 12:01:38',0,0),(5093,'182617142121285003931',NULL,144,2,'2020-12-19 12:01:38','2020-12-19 12:01:38',0,0),(5094,'182487192012035623111',NULL,144,3,'2020-12-19 12:01:38','2020-12-19 12:01:38',0,0),(5095,'182921114112528060733',NULL,144,4,'2020-12-19 12:01:38','2020-12-19 12:01:38',0,0),(5096,'182071263213251148901',NULL,145,1,'2020-12-19 12:01:38','2020-12-19 12:01:38',0,0),(5097,'182110361481027239152',NULL,145,2,'2020-12-19 12:01:38','2020-12-19 12:01:38',0,0),(5098,'182129208635171124130',NULL,145,3,'2020-12-19 12:01:38','2020-12-19 12:01:38',0,0),(5099,'182038435112107262911',NULL,145,4,'2020-12-19 12:01:38','2020-12-19 12:01:38',0,0),(5100,'182721165201134802391',NULL,146,1,'2020-12-19 12:01:39','2020-12-19 12:01:39',0,0),(5101,'182629141101580312237',NULL,146,2,'2020-12-19 12:01:39','2020-12-19 12:01:39',0,0),(5102,'182840226111519027313',NULL,146,3,'2020-12-19 12:01:39','2020-12-19 12:01:39',0,0),(5103,'182201184712021391356',NULL,146,4,'2020-12-19 12:01:39','2020-12-19 12:01:39',0,0),(5104,'182602182139121704531',NULL,147,1,'2020-12-19 12:01:39','2020-12-19 12:01:39',0,0),(5105,'182601974210132231815',NULL,147,2,'2020-12-19 12:01:39','2020-12-19 12:01:39',0,0),(5106,'182372152321801140916',NULL,147,3,'2020-12-19 12:01:39','2020-12-19 12:01:39',0,0),(5107,'182672212081419310315',NULL,147,4,'2020-12-19 12:01:39','2020-12-19 12:01:39',0,0),(5108,'182926502321871411031',NULL,148,1,'2020-12-19 12:01:39','2020-12-19 12:01:39',0,0),(5109,'182211824397151016302',NULL,148,2,'2020-12-19 12:01:40','2020-12-19 12:01:40',0,0),(5110,'182220021348659113711',NULL,148,3,'2020-12-19 12:01:40','2020-12-19 12:01:40',0,0),(5111,'182630311582029241711',NULL,148,4,'2020-12-19 12:01:40','2020-12-19 12:01:40',0,0),(5112,'182212010352967138141',NULL,149,1,'2020-12-19 12:01:40','2020-12-19 12:01:40',0,0),(5113,'182820011134569211237',NULL,149,2,'2020-12-19 12:01:40','2020-12-19 12:01:40',0,0),(5114,'182339712181022156410',NULL,149,3,'2020-12-19 12:01:40','2020-12-19 12:01:40',0,0),(5115,'182013512236109184127',NULL,149,4,'2020-12-19 12:01:40','2020-12-19 12:01:40',0,0),(5116,'182011417331922856201',NULL,150,1,'2020-12-19 12:01:40','2020-12-19 12:01:40',0,0),(5117,'182112689312117200435',NULL,150,2,'2020-12-19 12:01:40','2020-12-19 12:01:40',0,0),(5118,'182917214612831130502',NULL,150,3,'2020-12-19 12:01:40','2020-12-19 12:01:40',0,0),(5119,'182687212203130911451',NULL,150,4,'2020-12-19 12:01:40','2020-12-19 12:01:40',0,0),(5120,'182211071124395812036',NULL,151,1,'2020-12-19 12:01:40','2020-12-19 12:01:40',0,0),(5121,'182152017101383642219',NULL,151,2,'2020-12-19 12:01:40','2020-12-19 12:01:40',0,0),(5122,'182751142822113063901',NULL,151,3,'2020-12-19 12:01:40','2020-12-19 12:01:40',0,0),(5123,'182281613292150417013',NULL,151,4,'2020-12-19 12:01:41','2020-12-19 12:01:41',0,0),(5124,'182113318021461722950',NULL,152,1,'2020-12-19 12:01:41','2020-12-19 12:01:41',0,0),(5125,'182243821126170501193',NULL,152,2,'2020-12-19 12:01:41','2020-12-19 12:01:41',0,0),(5126,'182261421912105813703',NULL,152,3,'2020-12-19 12:01:41','2020-12-19 12:01:41',0,0),(5127,'182210124062911581373',NULL,152,4,'2020-12-19 12:01:41','2020-12-19 12:01:41',0,0),(5128,'182143320280751191126',NULL,153,1,'2020-12-19 12:01:41','2020-12-19 12:01:41',0,0),(5129,'182121350921413618207',NULL,153,2,'2020-12-19 12:01:41','2020-12-19 12:01:41',0,0),(5130,'182181039416312571220',NULL,153,3,'2020-12-19 12:01:41','2020-12-19 12:01:41',0,0),(5131,'182318321760422511019',NULL,153,4,'2020-12-19 12:01:41','2020-12-19 12:01:41',0,0),(5132,'182253140212937611801',NULL,154,1,'2020-12-19 12:01:41','2020-12-19 12:01:41',0,0),(5133,'182210738416112501293',NULL,154,2,'2020-12-19 12:01:41','2020-12-19 12:01:41',0,0),(5134,'182582190271641132103',NULL,154,3,'2020-12-19 12:01:41','2020-12-19 12:01:41',0,0),(5135,'182061031411322719825',NULL,154,4,'2020-12-19 12:01:42','2020-12-19 12:01:42',0,0),(5136,'182174519132306180221',NULL,155,1,'2020-12-19 12:01:42','2020-12-19 12:01:42',0,0),(5137,'182131823576102410219',NULL,155,2,'2020-12-19 12:01:42','2020-12-19 12:01:42',0,0),(5138,'182265127042091118133',NULL,155,3,'2020-12-19 12:01:42','2020-12-19 12:01:42',0,0),(5139,'182330221101817295146',NULL,155,4,'2020-12-19 12:01:42','2020-12-19 12:01:42',0,0),(5140,'182232105389712101461',NULL,156,1,'2020-12-19 12:01:42','2020-12-19 12:01:42',0,0),(5141,'182183511312264019027',NULL,156,2,'2020-12-19 12:01:42','2020-12-19 12:01:42',0,0),(5142,'182113502839116047212',NULL,156,3,'2020-12-19 12:01:43','2020-12-19 12:01:43',0,0),(5143,'182172548091361130221',NULL,156,4,'2020-12-19 12:01:43','2020-12-19 12:01:43',0,0),(5144,'182320812412361971105',NULL,157,1,'2020-12-19 12:01:43','2020-12-19 12:01:43',0,0),(5145,'182180397141012321625',NULL,157,2,'2020-12-19 12:01:43','2020-12-19 12:01:43',0,0),(5146,'182112316057321208914',NULL,157,3,'2020-12-19 12:01:43','2020-12-19 12:01:43',0,0),(5147,'182307641129282031115',NULL,157,4,'2020-12-19 12:01:43','2020-12-19 12:01:43',0,0),(5148,'182139631154120702182',NULL,158,1,'2020-12-19 12:01:43','2020-12-19 12:01:43',0,0),(5149,'182104328375162101219',NULL,158,2,'2020-12-19 12:01:43','2020-12-19 12:01:43',0,0),(5150,'182231356207819141210',NULL,158,3,'2020-12-19 12:01:43','2020-12-19 12:01:43',0,0),(5151,'182111426590328117032',NULL,158,4,'2020-12-19 12:01:43','2020-12-19 12:01:43',0,0),(5152,'182014821112675132903',NULL,159,1,'2020-12-19 12:01:44','2020-12-19 12:01:44',0,0),(5153,'182713103108516221294',NULL,159,2,'2020-12-19 12:01:44','2020-12-19 12:01:44',0,0),(5154,'182130226257483091111',NULL,159,3,'2020-12-19 12:01:44','2020-12-19 12:01:44',0,0),(5155,'182211213010384176259',NULL,159,4,'2020-12-19 12:01:44','2020-12-19 12:01:44',0,0),(5156,'182145311910816322207',NULL,160,1,'2020-12-19 12:01:44','2020-12-19 12:01:44',0,0),(5157,'182224115201136079813',NULL,160,2,'2020-12-19 12:01:44','2020-12-19 12:01:44',0,0),(5158,'182916008122123131754',NULL,160,3,'2020-12-19 12:01:44','2020-12-19 12:01:44',0,0),(5159,'182128491312010713625',NULL,160,4,'2020-12-19 12:01:44','2020-12-19 12:01:44',0,0),(5160,'182131902182732164501',NULL,161,1,'2020-12-19 12:01:44','2020-12-19 12:01:44',0,0),(5161,'182018310114157629232',NULL,161,2,'2020-12-19 12:01:44','2020-12-19 12:01:44',0,0),(5162,'182131191021726023548',NULL,161,3,'2020-12-19 12:01:44','2020-12-19 12:01:44',0,0),(5163,'182401113812305729216',NULL,161,4,'2020-12-19 12:01:44','2020-12-19 12:01:44',0,0),(5164,'182221311082165740931',NULL,162,1,'2020-12-19 12:01:44','2020-12-19 12:01:44',0,0),(5165,'182421791235810063121',NULL,162,2,'2020-12-19 12:01:45','2020-12-19 12:01:45',0,0),(5166,'182326139201201148157',NULL,162,3,'2020-12-19 12:01:45','2020-12-19 12:01:45',0,0),(5167,'182161103472258091231',NULL,162,4,'2020-12-19 12:01:45','2020-12-19 12:01:45',0,0),(5168,'182972310130425211168',NULL,163,1,'2020-12-19 12:01:45','2020-12-19 12:01:45',0,0),(5169,'182109102213718654123',NULL,163,2,'2020-12-19 12:01:45','2020-12-19 12:01:45',0,0),(5170,'182817605331110242921',NULL,163,3,'2020-12-19 12:01:45','2020-12-19 12:01:45',0,0),(5171,'182181621374902251013',NULL,163,4,'2020-12-19 12:01:45','2020-12-19 12:01:45',0,0),(5172,'182941017523132026811',NULL,164,1,'2020-12-19 12:01:45','2020-12-19 12:01:45',0,0),(5173,'182921723121510038614',NULL,164,2,'2020-12-19 12:01:45','2020-12-19 12:01:45',0,0),(5174,'182306827114192523110',NULL,164,3,'2020-12-19 12:01:45','2020-12-19 12:01:45',0,0),(5175,'182161217238021059431',NULL,164,4,'2020-12-19 12:01:45','2020-12-19 12:01:45',0,0),(5176,'182121540228973106113',NULL,165,1,'2020-12-19 12:01:46','2020-12-19 12:01:46',0,0),(5177,'182936221010281174135',NULL,165,2,'2020-12-19 12:01:46','2020-12-19 12:01:46',0,0),(5178,'182262711819302501341',NULL,165,3,'2020-12-19 12:01:46','2020-12-19 12:01:46',0,0),(5179,'182381100397115246221',NULL,165,4,'2020-12-19 12:01:46','2020-12-19 12:01:46',0,0),(5180,'182379514612101832201',NULL,166,1,'2020-12-19 12:01:46','2020-12-19 12:01:46',0,0),(5181,'182510126192830174123',NULL,166,2,'2020-12-19 12:01:46','2020-12-19 12:01:46',0,0),(5182,'182157231049280162311',NULL,166,3,'2020-12-19 12:01:47','2020-12-19 12:01:47',0,0),(5183,'182531120231810472619',NULL,166,4,'2020-12-19 12:01:47','2020-12-19 12:01:47',0,0),(5184,'182317381020192125461',NULL,167,1,'2020-12-19 12:01:47','2020-12-19 12:01:47',0,0),(5185,'182022123173141581690',NULL,167,2,'2020-12-19 12:01:47','2020-12-19 12:01:47',0,0),(5186,'182049022531812171136',NULL,167,3,'2020-12-19 12:01:47','2020-12-19 12:01:47',0,0),(5187,'182181150011672292334',NULL,167,4,'2020-12-19 12:01:47','2020-12-19 12:01:47',0,0),(5188,'182210539610171123842',NULL,168,1,'2020-12-19 12:01:47','2020-12-19 12:01:47',0,0),(5189,'182362171821249101305',NULL,168,2,'2020-12-19 12:01:47','2020-12-19 12:01:47',0,0),(5190,'182112021215674908331',NULL,168,3,'2020-12-19 12:01:47','2020-12-19 12:01:47',0,0),(5191,'182120971421581031632',NULL,168,4,'2020-12-19 12:01:47','2020-12-19 12:01:47',0,0),(5192,'182123026859124110713',NULL,169,1,'2020-12-19 12:01:47','2020-12-19 12:01:47',0,0),(5193,'182475200231921311186',NULL,169,2,'2020-12-19 12:01:48','2020-12-19 12:01:48',0,0),(5194,'182301164931122107825',NULL,169,3,'2020-12-19 12:01:48','2020-12-19 12:01:48',0,0),(5195,'182192653014127213801',NULL,169,4,'2020-12-19 12:01:48','2020-12-19 12:01:48',0,0),(5196,'182307651190224231811',NULL,170,1,'2020-12-19 12:01:48','2020-12-19 12:01:48',0,0),(5197,'182084017652213112391',NULL,170,2,'2020-12-19 12:01:48','2020-12-19 12:01:48',0,0),(5198,'182001721514283319621',NULL,170,3,'2020-12-19 12:01:48','2020-12-19 12:01:48',0,0),(5199,'182018134019725212316',NULL,170,4,'2020-12-19 12:01:48','2020-12-19 12:01:48',0,0),(5200,'182974322168311010125',NULL,171,1,'2020-12-19 12:01:48','2020-12-19 12:01:48',0,0),(5201,'182260411283913075211',NULL,171,2,'2020-12-19 12:01:49','2020-12-19 12:01:49',0,0),(5202,'182510629307281113142',NULL,171,3,'2020-12-19 12:01:49','2020-12-19 12:01:49',0,0),(5203,'182921408157123236101',NULL,171,4,'2020-12-19 12:01:49','2020-12-19 12:01:49',0,0),(5204,'182781122105231439610',NULL,172,1,'2020-12-19 12:01:49','2020-12-19 12:01:49',0,0),(5205,'182011361827412509321',NULL,172,2,'2020-12-19 12:01:49','2020-12-19 12:01:49',0,0),(5206,'182503128217492316011',NULL,172,3,'2020-12-19 12:01:49','2020-12-19 12:01:49',0,0),(5207,'182807910254133621211',NULL,172,4,'2020-12-19 12:01:49','2020-12-19 12:01:49',0,0),(5208,'182311206230587914112',NULL,173,1,'2020-12-19 12:01:49','2020-12-19 12:01:49',0,0),(5209,'182612150214029138371',NULL,173,2,'2020-12-19 12:01:49','2020-12-19 12:01:49',0,0),(5210,'182612157201139134082',NULL,173,3,'2020-12-19 12:01:49','2020-12-19 12:01:49',0,0),(5211,'182726483121110209153',NULL,173,4,'2020-12-19 12:01:49','2020-12-19 12:01:49',0,0),(5212,'182012192804753112361',NULL,174,1,'2020-12-19 12:01:50','2020-12-19 12:01:50',0,0),(5213,'182037296012111258341',NULL,174,2,'2020-12-19 12:01:50','2020-12-19 12:01:50',0,0),(5214,'182702905126114338112',NULL,174,3,'2020-12-19 12:01:50','2020-12-19 12:01:50',0,0),(5215,'182641213057238911102',NULL,174,4,'2020-12-19 12:01:50','2020-12-19 12:01:50',0,0),(5216,'182182516340192132701',NULL,175,1,'2020-12-19 12:01:50','2020-12-19 12:01:50',0,0),(5217,'182781132504269112301',NULL,175,2,'2020-12-19 12:01:51','2020-12-19 12:01:51',0,0),(5218,'182678154321309022111',NULL,175,3,'2020-12-19 12:01:51','2020-12-19 12:01:51',0,0),(5219,'182101985431720126231',NULL,175,4,'2020-12-19 12:01:51','2020-12-19 12:01:51',0,0),(5220,'182153180743921201261',NULL,176,1,'2020-12-19 12:01:51','2020-12-19 12:01:51',0,0),(5221,'182941657012321208131',NULL,176,2,'2020-12-19 12:01:51','2020-12-19 12:01:51',0,0),(5222,'182093022854211111367',NULL,176,3,'2020-12-19 12:01:51','2020-12-19 12:01:51',0,0),(5223,'182936802723512111140',NULL,176,4,'2020-12-19 12:01:51','2020-12-19 12:01:51',0,0),(5224,'182152103613829017421',NULL,177,1,'2020-12-19 12:01:51','2020-12-19 12:01:51',0,0),(5225,'182124870901133125261',NULL,177,2,'2020-12-19 12:01:52','2020-12-19 12:01:52',0,0),(5226,'182133119725428201106',NULL,177,3,'2020-12-19 12:01:52','2020-12-19 12:01:52',0,0),(5227,'182210411831361209725',NULL,177,4,'2020-12-19 12:01:52','2020-12-19 12:01:52',0,0),(5228,'182210121078615314392',NULL,178,1,'2020-12-19 12:01:52','2020-12-19 12:01:52',0,0),(5229,'182128613470321059112',NULL,178,2,'2020-12-19 12:01:52','2020-12-19 12:01:52',0,0),(5230,'182227413011962135018',NULL,178,3,'2020-12-19 12:01:52','2020-12-19 12:01:52',0,0),(5231,'182195121416100328327',NULL,178,4,'2020-12-19 12:01:52','2020-12-19 12:01:52',0,0),(5232,'182958201174303216121',NULL,179,1,'2020-12-19 12:01:52','2020-12-19 12:01:52',0,0),(5233,'182931280225134101761',NULL,179,2,'2020-12-19 12:01:52','2020-12-19 12:01:52',0,0),(5234,'182101315074261289123',NULL,179,3,'2020-12-19 12:01:52','2020-12-19 12:01:52',0,0),(5235,'182842121136305091721',NULL,179,4,'2020-12-19 12:01:52','2020-12-19 12:01:52',0,0),(5236,'182715122340139011286',NULL,180,1,'2020-12-19 12:01:52','2020-12-19 12:01:52',0,0),(5237,'182086511232201471139',NULL,180,2,'2020-12-19 12:01:52','2020-12-19 12:01:52',0,0),(5238,'182601231720891423115',NULL,180,3,'2020-12-19 12:01:53','2020-12-19 12:01:53',0,0),(5239,'182812122635103141907',NULL,180,4,'2020-12-19 12:01:53','2020-12-19 12:01:53',0,0),(5240,'182713021415083912162',NULL,181,1,'2020-12-19 12:01:53','2020-12-19 12:01:53',0,0),(5241,'182169574012211812303',NULL,181,2,'2020-12-19 12:01:53','2020-12-19 12:01:53',0,0),(5242,'182842132013051792161',NULL,181,3,'2020-12-19 12:01:53','2020-12-19 12:01:53',0,0),(5243,'182720312111596801243',NULL,181,4,'2020-12-19 12:01:53','2020-12-19 12:01:53',0,0),(5244,'182159041832112162073',NULL,182,1,'2020-12-19 12:01:53','2020-12-19 12:01:53',0,0),(5245,'182182132314002615197',NULL,182,2,'2020-12-19 12:01:54','2020-12-19 12:01:54',0,0),(5246,'182401321785230619121',NULL,182,3,'2020-12-19 12:01:54','2020-12-19 12:01:54',0,0),(5247,'182152472120081961331',NULL,182,4,'2020-12-19 12:01:54','2020-12-19 12:01:54',0,0),(5248,'182981053131122642710',NULL,183,1,'2020-12-19 12:01:54','2020-12-19 12:01:54',0,0),(5249,'182170623523419112180',NULL,183,2,'2020-12-19 12:01:54','2020-12-19 12:01:54',0,0),(5250,'182392312164201510718',NULL,183,3,'2020-12-19 12:01:54','2020-12-19 12:01:54',0,0),(5251,'182218305934621012711',NULL,183,4,'2020-12-19 12:01:54','2020-12-19 12:01:54',0,0),(5252,'182285037211113926104',NULL,184,1,'2020-12-19 12:01:54','2020-12-19 12:01:54',0,0),(5253,'182211081531071962234',NULL,184,2,'2020-12-19 12:01:54','2020-12-19 12:01:54',0,0),(5254,'182612240932378101151',NULL,184,3,'2020-12-19 12:01:54','2020-12-19 12:01:54',0,0),(5255,'182513684171921302021',NULL,184,4,'2020-12-19 12:01:54','2020-12-19 12:01:54',0,0),(5256,'182329784101123156120',NULL,185,1,'2020-12-19 12:01:55','2020-12-19 12:01:55',0,0),(5257,'182022415703129683111',NULL,185,2,'2020-12-19 12:01:55','2020-12-19 12:01:55',0,0),(5258,'182674135928121012301',NULL,185,3,'2020-12-19 12:01:55','2020-12-19 12:01:55',0,0),(5259,'182893235207110261411',NULL,185,4,'2020-12-19 12:01:55','2020-12-19 12:01:55',0,0),(5260,'182120111395631028472',NULL,186,1,'2020-12-19 12:01:55','2020-12-19 12:01:55',0,0),(5261,'182241215398610117320',NULL,186,2,'2020-12-19 12:01:55','2020-12-19 12:01:55',0,0),(5262,'182500174622191318312',NULL,186,3,'2020-12-19 12:01:55','2020-12-19 12:01:55',0,0),(5263,'182184305222911761031',NULL,186,4,'2020-12-19 12:01:55','2020-12-19 12:01:55',0,0),(5264,'182116172018495331202',NULL,187,1,'2020-12-19 12:01:55','2020-12-19 12:01:55',0,0),(5265,'182563814207311901212',NULL,187,2,'2020-12-19 12:01:55','2020-12-19 12:01:55',0,0),(5266,'182961725110031431282',NULL,187,3,'2020-12-19 12:01:55','2020-12-19 12:01:55',0,0),(5267,'182982613113140221705',NULL,187,4,'2020-12-19 12:01:55','2020-12-19 12:01:55',0,0),(5268,'182307216584121191320',NULL,188,1,'2020-12-19 12:01:55','2020-12-19 12:01:55',0,0),(5269,'182110217032523911846',NULL,188,2,'2020-12-19 12:01:56','2020-12-19 12:01:56',0,0),(5270,'182219631201107385241',NULL,188,3,'2020-12-19 12:01:56','2020-12-19 12:01:56',0,0),(5271,'182232351196024101817',NULL,188,4,'2020-12-19 12:01:56','2020-12-19 12:01:56',0,0),(5272,'182160021593187131242',NULL,189,1,'2020-12-19 12:01:56','2020-12-19 12:01:56',0,0),(5273,'182129068312241531107',NULL,189,2,'2020-12-19 12:01:56','2020-12-19 12:01:56',0,0),(5274,'182172562329140081113',NULL,189,3,'2020-12-19 12:01:56','2020-12-19 12:01:56',0,0),(5275,'182819321521264701310',NULL,189,4,'2020-12-19 12:01:56','2020-12-19 12:01:56',0,0),(5276,'182242168910175021331',NULL,190,1,'2020-12-19 12:01:56','2020-12-19 12:01:56',0,0),(5277,'182150712412023683191',NULL,190,2,'2020-12-19 12:01:56','2020-12-19 12:01:56',0,0),(5278,'182216083112240791351',NULL,190,3,'2020-12-19 12:01:56','2020-12-19 12:01:56',0,0),(5279,'182427206110392381115',NULL,190,4,'2020-12-19 12:01:56','2020-12-19 12:01:56',0,0),(5280,'182312512936111042708',NULL,191,1,'2020-12-19 12:01:56','2020-12-19 12:01:56',0,0),(5281,'182225073061181912314',NULL,191,2,'2020-12-19 12:01:56','2020-12-19 12:01:56',0,0),(5282,'182131275034286191120',NULL,191,3,'2020-12-19 12:01:56','2020-12-19 12:01:56',0,0),(5283,'182369210127243810151',NULL,191,4,'2020-12-19 12:01:57','2020-12-19 12:01:57',0,0),(5284,'182184792353262010111',NULL,192,1,'2020-12-19 12:01:57','2020-12-19 12:01:57',0,0),(5285,'182940261111031735822',NULL,192,2,'2020-12-19 12:01:57','2020-12-19 12:01:57',0,0),(5286,'182092813113025716421',NULL,192,3,'2020-12-19 12:01:57','2020-12-19 12:01:57',0,0),(5287,'182132226710183904511',NULL,192,4,'2020-12-19 12:01:57','2020-12-19 12:01:57',0,0),(5288,'182212078131502164139',NULL,193,1,'2020-12-19 12:01:57','2020-12-19 12:01:57',0,0),(5289,'182147283256031011219',NULL,193,2,'2020-12-19 12:01:57','2020-12-19 12:01:57',0,0),(5290,'182001735612281141392',NULL,193,3,'2020-12-19 12:01:57','2020-12-19 12:01:57',0,0),(5291,'182625917112301081324',NULL,193,4,'2020-12-19 12:01:57','2020-12-19 12:01:57',0,0),(5292,'182510171141822339062',NULL,194,1,'2020-12-19 12:01:58','2020-12-19 12:01:58',0,0),(5293,'182011101342217963852',NULL,194,2,'2020-12-19 12:01:58','2020-12-19 12:01:58',0,0),(5294,'182602210521149331817',NULL,194,3,'2020-12-19 12:01:58','2020-12-19 12:01:58',0,0),(5295,'182905112116243708123',NULL,194,4,'2020-12-19 12:01:58','2020-12-19 12:01:58',0,0),(5296,'182189502126121301347',NULL,195,1,'2020-12-19 12:01:58','2020-12-19 12:01:58',0,0),(5297,'182162278129153103401',NULL,195,2,'2020-12-19 12:01:58','2020-12-19 12:01:58',0,0),(5298,'182025111232804719631',NULL,195,3,'2020-12-19 12:01:58','2020-12-19 12:01:58',0,0),(5299,'182709238356204121111',NULL,195,4,'2020-12-19 12:01:58','2020-12-19 12:01:58',0,0),(5300,'182392132208141610571',NULL,196,1,'2020-12-19 12:01:58','2020-12-19 12:01:58',0,0),(5301,'182391702140811162325',NULL,196,2,'2020-12-19 12:01:58','2020-12-19 12:01:58',0,0),(5302,'182329241361001712815',NULL,196,3,'2020-12-19 12:01:59','2020-12-19 12:01:59',0,0),(5303,'182024179653123181210',NULL,196,4,'2020-12-19 12:01:59','2020-12-19 12:01:59',0,0),(5304,'182131230174528116209',NULL,197,1,'2020-12-19 12:01:59','2020-12-19 12:01:59',0,0),(5305,'182637108223901115412',NULL,197,2,'2020-12-19 12:01:59','2020-12-19 12:01:59',0,0),(5306,'182569741823310201112',NULL,197,3,'2020-12-19 12:01:59','2020-12-19 12:01:59',0,0),(5307,'182301126752840913121',NULL,197,4,'2020-12-19 12:01:59','2020-12-19 12:01:59',0,0),(5308,'182151340963801221271',NULL,198,1,'2020-12-19 12:01:59','2020-12-19 12:01:59',0,0),(5309,'182981351132146701022',NULL,198,2,'2020-12-19 12:01:59','2020-12-19 12:01:59',0,0),(5310,'182981342301612012175',NULL,198,3,'2020-12-19 12:01:59','2020-12-19 12:01:59',0,0),(5311,'182118792360415122103',NULL,198,4,'2020-12-19 12:01:59','2020-12-19 12:01:59',0,0),(5312,'182206245181103192137',NULL,199,1,'2020-12-19 12:01:59','2020-12-19 12:01:59',0,0),(5313,'182502809214331121617',NULL,199,2,'2020-12-19 12:01:59','2020-12-19 12:01:59',0,0),(5314,'182131121136940275208',NULL,199,3,'2020-12-19 12:01:59','2020-12-19 12:01:59',0,0),(5315,'182712901103451862132',NULL,199,4,'2020-12-19 12:01:59','2020-12-19 12:01:59',0,0),(5316,'182112121038124560937',NULL,200,1,'2020-12-19 12:01:59','2020-12-19 12:01:59',0,0),(5317,'182320712328601511419',NULL,200,2,'2020-12-19 12:02:00','2020-12-19 12:02:00',0,0),(5318,'182112213110043568279',NULL,200,3,'2020-12-19 12:02:00','2020-12-19 12:02:00',0,0),(5319,'182290611470111823235',NULL,200,4,'2020-12-19 12:02:00','2020-12-19 12:02:00',0,0),(5320,'182159221131386014720',NULL,201,1,'2020-12-19 12:02:00','2020-12-19 12:02:00',0,0),(5321,'182510920813241726113',NULL,201,2,'2020-12-19 12:02:00','2020-12-19 12:02:00',0,0),(5322,'182160813141790252321',NULL,201,3,'2020-12-19 12:02:00','2020-12-19 12:02:00',0,0),(5323,'182312011207243169581',NULL,201,4,'2020-12-19 12:02:00','2020-12-19 12:02:00',0,0),(5324,'182016732138121195024',NULL,202,1,'2020-12-19 12:02:00','2020-12-19 12:02:00',0,0),(5325,'182824931163021052171',NULL,202,2,'2020-12-19 12:02:00','2020-12-19 12:02:00',0,0),(5326,'182762049302281135111',NULL,202,3,'2020-12-19 12:02:00','2020-12-19 12:02:00',0,0),(5327,'182271530429308261111',NULL,202,4,'2020-12-19 12:02:00','2020-12-19 12:02:00',0,0),(5328,'182313126082125741910',NULL,203,1,'2020-12-19 12:02:00','2020-12-19 12:02:00',0,0),(5329,'182430162791358121201',NULL,203,2,'2020-12-19 12:02:00','2020-12-19 12:02:00',0,0),(5330,'182036513924111187022',NULL,203,3,'2020-12-19 12:02:00','2020-12-19 12:02:00',0,0),(5331,'182131021211426057398',NULL,203,4,'2020-12-19 12:02:00','2020-12-19 12:02:00',0,0),(5332,'182743803102212951161',NULL,204,1,'2020-12-19 12:02:01','2020-12-19 12:02:01',0,0),(5333,'182952311027308146112',NULL,204,2,'2020-12-19 12:02:01','2020-12-19 12:02:01',0,0),(5334,'182316221207851031941',NULL,204,3,'2020-12-19 12:02:01','2020-12-19 12:02:01',0,0),(5335,'182607011149851231223',NULL,204,4,'2020-12-19 12:02:01','2020-12-19 12:02:01',0,0),(5336,'182231132062471185190',NULL,205,1,'2020-12-19 12:02:01','2020-12-19 12:02:01',0,0),(5337,'182901216111428205733',NULL,205,2,'2020-12-19 12:02:01','2020-12-19 12:02:01',0,0),(5338,'182292103317511620841',NULL,205,3,'2020-12-19 12:02:01','2020-12-19 12:02:01',0,0),(5339,'182802106721113935124',NULL,205,4,'2020-12-19 12:02:01','2020-12-19 12:02:01',0,0),(5340,'182416110322071235918',NULL,206,1,'2020-12-19 12:02:01','2020-12-19 12:02:01',0,0),(5341,'182242711051869321130',NULL,206,2,'2020-12-19 12:02:01','2020-12-19 12:02:01',0,0),(5342,'182562372103810114129',NULL,206,3,'2020-12-19 12:02:01','2020-12-19 12:02:01',0,0),(5343,'182297382161400131215',NULL,206,4,'2020-12-19 12:02:02','2020-12-19 12:02:02',0,0),(5344,'182289021576231401113',NULL,207,1,'2020-12-19 12:02:02','2020-12-19 12:02:02',0,0),(5345,'182031218461217032951',NULL,207,2,'2020-12-19 12:02:02','2020-12-19 12:02:02',0,0),(5346,'182215671418393012102',NULL,207,3,'2020-12-19 12:02:02','2020-12-19 12:02:02',0,0),(5347,'182173112681123205904',NULL,207,4,'2020-12-19 12:02:02','2020-12-19 12:02:02',0,0),(5348,'182153214671128091203',NULL,208,1,'2020-12-19 12:02:02','2020-12-19 12:02:02',0,0),(5349,'182712682491512031013',NULL,208,2,'2020-12-19 12:02:02','2020-12-19 12:02:02',0,0),(5350,'182118217196330045122',NULL,208,3,'2020-12-19 12:02:02','2020-12-19 12:02:02',0,0),(5351,'182291253618213710041',NULL,208,4,'2020-12-19 12:02:02','2020-12-19 12:02:02',0,0),(5352,'182196053131421271082',NULL,209,1,'2020-12-19 12:02:02','2020-12-19 12:02:02',0,0),(5353,'182142683105971223011',NULL,209,2,'2020-12-19 12:02:02','2020-12-19 12:02:02',0,0),(5354,'182820116412570313129',NULL,209,3,'2020-12-19 12:02:02','2020-12-19 12:02:02',0,0),(5355,'182245931607113118022',NULL,209,4,'2020-12-19 12:02:03','2020-12-19 12:02:03',0,0),(5356,'182224720115896101133',NULL,210,1,'2020-12-19 12:02:03','2020-12-19 12:02:03',0,0),(5357,'182246103182113159072',NULL,210,2,'2020-12-19 12:02:03','2020-12-19 12:02:03',0,0),(5358,'182120191761241380352',NULL,210,3,'2020-12-19 12:02:03','2020-12-19 12:02:03',0,0),(5359,'182407892235116210311',NULL,210,4,'2020-12-19 12:02:03','2020-12-19 12:02:03',0,0),(5360,'182542118071313920126',NULL,211,1,'2020-12-19 12:02:03','2020-12-19 12:02:03',0,0),(5361,'182821191602473213015',NULL,211,2,'2020-12-19 12:02:03','2020-12-19 12:02:03',0,0),(5362,'182171641323920582101',NULL,211,3,'2020-12-19 12:02:03','2020-12-19 12:02:03',0,0),(5363,'182124321271030165981',NULL,211,4,'2020-12-19 12:02:03','2020-12-19 12:02:03',0,0),(5364,'182693112131078220145',NULL,212,1,'2020-12-19 12:02:03','2020-12-19 12:02:03',0,0),(5365,'182182215014712193306',NULL,212,2,'2020-12-19 12:02:03','2020-12-19 12:02:03',0,0),(5366,'182072012964381125113',NULL,212,3,'2020-12-19 12:02:04','2020-12-19 12:02:04',0,0),(5367,'182901132068214172153',NULL,212,4,'2020-12-19 12:02:04','2020-12-19 12:02:04',0,0),(5368,'182031309172416158212',NULL,213,1,'2020-12-19 12:02:04','2020-12-19 12:02:04',0,0),(5369,'182073110211358249621',NULL,213,2,'2020-12-19 12:02:04','2020-12-19 12:02:04',0,0),(5370,'182371128206134502911',NULL,213,3,'2020-12-19 12:02:04','2020-12-19 12:02:04',0,0),(5371,'182733102204191851126',NULL,213,4,'2020-12-19 12:02:04','2020-12-19 12:02:04',0,0),(5372,'182315234200611789211',NULL,214,1,'2020-12-19 12:02:04','2020-12-19 12:02:04',0,0),(5373,'182302113582019127146',NULL,214,2,'2020-12-19 12:02:04','2020-12-19 12:02:04',0,0),(5374,'182094013168321751212',NULL,214,3,'2020-12-19 12:02:04','2020-12-19 12:02:04',0,0),(5375,'182012130962581714312',NULL,214,4,'2020-12-19 12:02:05','2020-12-19 12:02:05',0,0),(5376,'182163235010214287119',NULL,215,1,'2020-12-19 12:02:05','2020-12-19 12:02:05',0,0),(5377,'182216107112435023198',NULL,215,2,'2020-12-19 12:02:05','2020-12-19 12:02:05',0,0),(5378,'182022856971131402131',NULL,215,3,'2020-12-19 12:02:05','2020-12-19 12:02:05',0,0),(5379,'182009217612213181435',NULL,215,4,'2020-12-19 12:02:05','2020-12-19 12:02:05',0,0),(5380,'182022513124190316871',NULL,216,1,'2020-12-19 12:02:05','2020-12-19 12:02:05',0,0),(5381,'182145103132071292618',NULL,216,2,'2020-12-19 12:02:05','2020-12-19 12:02:05',0,0),(5382,'182632121011295134708',NULL,216,3,'2020-12-19 12:02:05','2020-12-19 12:02:05',0,0),(5383,'182160801121132273954',NULL,216,4,'2020-12-19 12:02:05','2020-12-19 12:02:05',0,0),(5384,'182014965231210211837',NULL,217,1,'2020-12-19 12:02:06','2020-12-19 12:02:06',0,0),(5385,'182227568231011140139',NULL,217,2,'2020-12-19 12:02:06','2020-12-19 12:02:06',0,0),(5386,'182016104129758232311',NULL,217,3,'2020-12-19 12:02:06','2020-12-19 12:02:06',0,0),(5387,'182103322502198114617',NULL,217,4,'2020-12-19 12:02:06','2020-12-19 12:02:06',0,0),(5388,'182721161203491512380',NULL,218,1,'2020-12-19 12:02:06','2020-12-19 12:02:06',0,0),(5389,'182619541302110317228',NULL,218,2,'2020-12-19 12:02:06','2020-12-19 12:02:06',0,0),(5390,'182910711236512102438',NULL,218,3,'2020-12-19 12:02:06','2020-12-19 12:02:06',0,0),(5391,'182181709326403121215',NULL,218,4,'2020-12-19 12:02:06','2020-12-19 12:02:06',0,0),(5392,'182272841531039612011',NULL,219,1,'2020-12-19 12:02:07','2020-12-19 12:02:07',0,0),(5393,'182916212034218501173',NULL,219,2,'2020-12-19 12:02:07','2020-12-19 12:02:07',0,0),(5394,'182212018635230719411',NULL,219,3,'2020-12-19 12:02:07','2020-12-19 12:02:07',0,0),(5395,'182301025161824219173',NULL,219,4,'2020-12-19 12:02:07','2020-12-19 12:02:07',0,0),(5396,'182531723011102862149',NULL,220,1,'2020-12-19 12:02:07','2020-12-19 12:02:07',0,0),(5397,'182481092351013276121',NULL,220,2,'2020-12-19 12:02:07','2020-12-19 12:02:07',0,0),(5398,'182411523683091212701',NULL,220,3,'2020-12-19 12:02:07','2020-12-19 12:02:07',0,0),(5399,'182709221141331652108',NULL,220,4,'2020-12-19 12:02:08','2020-12-19 12:02:08',0,0),(5400,'182361831142072102159',NULL,221,1,'2020-12-19 12:02:08','2020-12-19 12:02:08',0,0),(5401,'182211051214139026783',NULL,221,2,'2020-12-19 12:02:08','2020-12-19 12:02:08',0,0),(5402,'182103981432017212651',NULL,221,3,'2020-12-19 12:02:08','2020-12-19 12:02:08',0,0),(5403,'182694117323082011251',NULL,221,4,'2020-12-19 12:02:08','2020-12-19 12:02:08',0,0),(5404,'182724128011916302513',NULL,222,1,'2020-12-19 12:02:08','2020-12-19 12:02:08',0,0),(5405,'182211012823016354197',NULL,222,2,'2020-12-19 12:02:08','2020-12-19 12:02:08',0,0),(5406,'182438160912731221105',NULL,222,3,'2020-12-19 12:02:08','2020-12-19 12:02:08',0,0),(5407,'182371121061238094512',NULL,222,4,'2020-12-19 12:02:08','2020-12-19 12:02:08',0,0),(5408,'182127200531162431819',NULL,223,1,'2020-12-19 12:02:09','2020-12-19 12:02:09',0,0),(5409,'182452633170211810291',NULL,223,2,'2020-12-19 12:02:09','2020-12-19 12:02:09',0,0),(5410,'182391052623417018211',NULL,223,3,'2020-12-19 12:02:09','2020-12-19 12:02:09',0,0),(5411,'182211753402089121316',NULL,223,4,'2020-12-19 12:02:09','2020-12-19 12:02:09',0,0),(5412,'182411095233817621012',NULL,224,1,'2020-12-19 12:02:09','2020-12-19 12:02:09',0,0),(5413,'182272561131181042309',NULL,224,2,'2020-12-19 12:02:09','2020-12-19 12:02:09',0,0),(5414,'182793211826021053411',NULL,224,3,'2020-12-19 12:02:10','2020-12-19 12:02:10',0,0),(5415,'182151392201037182416',NULL,224,4,'2020-12-19 12:02:10','2020-12-19 12:02:10',0,0),(5416,'182037131920282115146',NULL,225,1,'2020-12-19 12:02:10','2020-12-19 12:02:10',0,0),(5417,'182102248123719651310',NULL,225,2,'2020-12-19 12:02:10','2020-12-19 12:02:10',0,0),(5418,'182029723811631541201',NULL,225,3,'2020-12-19 12:02:10','2020-12-19 12:02:10',0,0),(5419,'182811237159130612204',NULL,225,4,'2020-12-19 12:02:10','2020-12-19 12:02:10',0,0),(5420,'182032189201156732411',NULL,226,1,'2020-12-19 12:02:11','2020-12-19 12:02:11',0,0),(5421,'182450381172111026239',NULL,226,2,'2020-12-19 12:02:11','2020-12-19 12:02:11',0,0),(5422,'182303111462251287109',NULL,226,3,'2020-12-19 12:02:11','2020-12-19 12:02:11',0,0),(5423,'182512916080121342713',NULL,226,4,'2020-12-19 12:02:11','2020-12-19 12:02:11',0,0),(5424,'182132610112540391782',NULL,227,1,'2020-12-19 12:02:11','2020-12-19 12:02:11',0,0),(5425,'182139117306521024128',NULL,227,2,'2020-12-19 12:02:11','2020-12-19 12:02:11',0,0),(5426,'182518217132131020469',NULL,227,3,'2020-12-19 12:02:11','2020-12-19 12:02:11',0,0),(5427,'182038419151623102721',NULL,227,4,'2020-12-19 12:02:11','2020-12-19 12:02:11',0,0),(5428,'182224702115309131168',NULL,228,1,'2020-12-19 12:02:11','2020-12-19 12:02:11',0,0),(5429,'182122671841392510103',NULL,228,2,'2020-12-19 12:02:11','2020-12-19 12:02:11',0,0),(5430,'182173236102491211058',NULL,228,3,'2020-12-19 12:02:11','2020-12-19 12:02:11',0,0),(5431,'182131621304015718292',NULL,228,4,'2020-12-19 12:02:11','2020-12-19 12:02:11',0,0),(5432,'182036381521141722109',NULL,229,1,'2020-12-19 12:02:11','2020-12-19 12:02:11',0,0),(5433,'182117136289220413105',NULL,229,2,'2020-12-19 12:02:11','2020-12-19 12:02:11',0,0),(5434,'182291450321618137210',NULL,229,3,'2020-12-19 12:02:11','2020-12-19 12:02:11',0,0),(5435,'182040152232187611391',NULL,229,4,'2020-12-19 12:02:12','2020-12-19 12:02:12',0,0),(5436,'182051019371381262421',NULL,230,1,'2020-12-19 12:02:12','2020-12-19 12:02:12',0,0),(5437,'182573014932181101622',NULL,230,2,'2020-12-19 12:02:12','2020-12-19 12:02:12',0,0),(5438,'182910721123105364821',NULL,230,3,'2020-12-19 12:02:12','2020-12-19 12:02:12',0,0),(5439,'182430513021712281619',NULL,230,4,'2020-12-19 12:02:12','2020-12-19 12:02:12',0,0),(5440,'182251361284731200119',NULL,231,1,'2020-12-19 12:02:12','2020-12-19 12:02:12',0,0),(5441,'182231712381460125019',NULL,231,2,'2020-12-19 12:02:12','2020-12-19 12:02:12',0,0),(5442,'182062971453110318221',NULL,231,3,'2020-12-19 12:02:12','2020-12-19 12:02:12',0,0),(5443,'182711526120341921083',NULL,231,4,'2020-12-19 12:02:12','2020-12-19 12:02:12',0,0),(5444,'182501623912171032148',NULL,232,1,'2020-12-19 12:02:12','2020-12-19 12:02:12',0,0),(5445,'182111215671090233248',NULL,232,2,'2020-12-19 12:02:12','2020-12-19 12:02:12',0,0),(5446,'182510316112102482937',NULL,232,3,'2020-12-19 12:02:12','2020-12-19 12:02:12',0,0),(5447,'182012951711601282343',NULL,232,4,'2020-12-19 12:02:12','2020-12-19 12:02:12',0,0),(5448,'182269143371182105210',NULL,233,1,'2020-12-19 12:02:12','2020-12-19 12:02:12',0,0),(5449,'182615193183110402272',NULL,233,2,'2020-12-19 12:02:13','2020-12-19 12:02:13',0,0),(5450,'182198624337021150211',NULL,233,3,'2020-12-19 12:02:13','2020-12-19 12:02:13',0,0),(5451,'182011180621219574233',NULL,233,4,'2020-12-19 12:02:13','2020-12-19 12:02:13',0,0),(5452,'182381317216209021145',NULL,234,1,'2020-12-19 12:02:13','2020-12-19 12:02:13',0,0),(5453,'182181635311042221790',NULL,234,2,'2020-12-19 12:02:13','2020-12-19 12:02:13',0,0),(5454,'182221586094130211137',NULL,234,3,'2020-12-19 12:02:13','2020-12-19 12:02:13',0,0),(5455,'182471193128260315201',NULL,234,4,'2020-12-19 12:02:14','2020-12-19 12:02:14',0,0),(5456,'182852611301294317012',NULL,235,1,'2020-12-19 12:02:14','2020-12-19 12:02:14',0,0),(5457,'182261417015201193328',NULL,235,2,'2020-12-19 12:02:14','2020-12-19 12:02:14',0,0),(5458,'182682103172145193210',NULL,235,3,'2020-12-19 12:02:14','2020-12-19 12:02:14',0,0),(5459,'182361204512173892110',NULL,235,4,'2020-12-19 12:02:14','2020-12-19 12:02:14',0,0),(5460,'182516231410873129012',NULL,236,1,'2020-12-19 12:02:14','2020-12-19 12:02:14',0,0),(5461,'182084322091611215137',NULL,236,2,'2020-12-19 12:02:14','2020-12-19 12:02:14',0,0),(5462,'182216209823015347111',NULL,236,3,'2020-12-19 12:02:14','2020-12-19 12:02:14',0,0),(5463,'182127351941132006182',NULL,236,4,'2020-12-19 12:02:14','2020-12-19 12:02:14',0,0),(5464,'182212861421391507103',NULL,237,1,'2020-12-19 12:02:15','2020-12-19 12:02:15',0,0),(5465,'182630178211152029413',NULL,237,2,'2020-12-19 12:02:15','2020-12-19 12:02:15',0,0),(5466,'182248521011371391620',NULL,237,3,'2020-12-19 12:02:15','2020-12-19 12:02:15',0,0),(5467,'182631215921134102780',NULL,237,4,'2020-12-19 12:02:15','2020-12-19 12:02:15',0,0),(5468,'182139621780312240151',NULL,238,1,'2020-12-19 12:02:15','2020-12-19 12:02:15',0,0),(5469,'182703624809113125211',NULL,238,2,'2020-12-19 12:02:15','2020-12-19 12:02:15',0,0),(5470,'182430115713912108622',NULL,238,3,'2020-12-19 12:02:15','2020-12-19 12:02:15',0,0),(5471,'182113186010127324952',NULL,238,4,'2020-12-19 12:02:16','2020-12-19 12:02:16',0,0),(5472,'182021382761194015213',NULL,239,1,'2020-12-19 12:02:16','2020-12-19 12:02:16',0,0),(5473,'182856411171032203921',NULL,239,2,'2020-12-19 12:02:16','2020-12-19 12:02:16',0,0),(5474,'182407112128911032563',NULL,239,3,'2020-12-19 12:02:16','2020-12-19 12:02:16',0,0),(5475,'182011920614171325382',NULL,239,4,'2020-12-19 12:02:16','2020-12-19 12:02:16',0,0),(5476,'182621095111023374821',NULL,240,1,'2020-12-19 12:02:16','2020-12-19 12:02:16',0,0),(5477,'182138211965123710204',NULL,240,2,'2020-12-19 12:02:16','2020-12-19 12:02:16',0,0),(5478,'182738209104123621151',NULL,240,3,'2020-12-19 12:02:16','2020-12-19 12:02:16',0,0),(5479,'182103405191232261718',NULL,240,4,'2020-12-19 12:02:16','2020-12-19 12:02:16',0,0),(5480,'182131321402181692570',NULL,241,1,'2020-12-19 12:02:16','2020-12-19 12:02:16',0,0),(5481,'182312130529106117248',NULL,241,2,'2020-12-19 12:02:16','2020-12-19 12:02:16',0,0),(5482,'182264931211121785030',NULL,241,3,'2020-12-19 12:02:16','2020-12-19 12:02:16',0,0),(5483,'182240721312605119183',NULL,241,4,'2020-12-19 12:02:16','2020-12-19 12:02:16',0,0),(5484,'182538239712106011142',NULL,242,1,'2020-12-19 12:02:17','2020-12-19 12:02:17',0,0),(5485,'182241602519110213378',NULL,242,2,'2020-12-19 12:02:17','2020-12-19 12:02:17',0,0),(5486,'182476102315820119231',NULL,242,3,'2020-12-19 12:02:17','2020-12-19 12:02:17',0,0),(5487,'182216875113940211302',NULL,242,4,'2020-12-19 12:02:17','2020-12-19 12:02:17',0,0),(5488,'182615712342831121009',NULL,243,1,'2020-12-19 12:02:18','2020-12-19 12:02:18',0,0),(5489,'182121309420657231181',NULL,243,2,'2020-12-19 12:02:18','2020-12-19 12:02:18',0,0),(5490,'182439131817221016052',NULL,243,3,'2020-12-19 12:02:18','2020-12-19 12:02:18',0,0),(5491,'182215001481722911363',NULL,243,4,'2020-12-19 12:02:18','2020-12-19 12:02:18',0,0),(5492,'182129211013746135082',NULL,244,1,'2020-12-19 12:02:19','2020-12-19 12:02:19',0,0),(5493,'182149611013822127503',NULL,244,2,'2020-12-19 12:02:19','2020-12-19 12:02:19',0,0),(5494,'182083161422932101517',NULL,244,3,'2020-12-19 12:02:19','2020-12-19 12:02:19',0,0),(5495,'182348021212610597113',NULL,244,4,'2020-12-19 12:02:19','2020-12-19 12:02:19',0,0),(5496,'182173308501914116222',NULL,245,1,'2020-12-19 12:02:19','2020-12-19 12:02:19',0,0),(5497,'182132011127803691452',NULL,245,2,'2020-12-19 12:02:19','2020-12-19 12:02:19',0,0),(5498,'182019171352021216438',NULL,245,3,'2020-12-19 12:02:19','2020-12-19 12:02:19',0,0),(5499,'182078160191243531212',NULL,245,4,'2020-12-19 12:02:19','2020-12-19 12:02:19',0,0),(5500,'182675223110491811302',NULL,246,1,'2020-12-19 12:02:19','2020-12-19 12:02:19',0,0),(5501,'182221801172113936054',NULL,246,2,'2020-12-19 12:02:19','2020-12-19 12:02:19',0,0),(5502,'182631128510420732911',NULL,246,3,'2020-12-19 12:02:20','2020-12-19 12:02:20',0,0),(5503,'182137362118401522109',NULL,246,4,'2020-12-19 12:02:20','2020-12-19 12:02:20',0,0),(5504,'182124260819721013135',NULL,247,1,'2020-12-19 12:02:20','2020-12-19 12:02:20',0,0),(5505,'182072142235181631910',NULL,247,2,'2020-12-19 12:02:20','2020-12-19 12:02:20',0,0),(5506,'182118517102346920123',NULL,247,3,'2020-12-19 12:02:20','2020-12-19 12:02:20',0,0),(5507,'182912314263825011701',NULL,247,4,'2020-12-19 12:02:20','2020-12-19 12:02:20',0,0),(5508,'182319114206723015218',NULL,248,1,'2020-12-19 12:02:20','2020-12-19 12:02:20',0,0),(5509,'182310130271481951262',NULL,248,2,'2020-12-19 12:02:20','2020-12-19 12:02:20',0,0),(5510,'182314271185061292103',NULL,248,3,'2020-12-19 12:02:20','2020-12-19 12:02:20',0,0),(5511,'182193572110182620413',NULL,248,4,'2020-12-19 12:02:20','2020-12-19 12:02:20',0,0),(5512,'182915221310184710236',NULL,249,1,'2020-12-19 12:02:20','2020-12-19 12:02:20',0,0),(5513,'182463198223711211050',NULL,249,2,'2020-12-19 12:02:20','2020-12-19 12:02:20',0,0),(5514,'182215221740113680139',NULL,249,3,'2020-12-19 12:02:20','2020-12-19 12:02:20',0,0),(5515,'182237052141381691012',NULL,249,4,'2020-12-19 12:02:20','2020-12-19 12:02:20',0,0),(5516,'182232006311117982541',NULL,250,1,'2020-12-19 12:02:21','2020-12-19 12:02:21',0,0),(5517,'182372402318951160112',NULL,250,2,'2020-12-19 12:02:21','2020-12-19 12:02:21',0,0),(5518,'182731128112496010532',NULL,250,3,'2020-12-19 12:02:21','2020-12-19 12:02:21',0,0),(5519,'182038141571091612223',NULL,250,4,'2020-12-19 12:02:21','2020-12-19 12:02:21',0,0),(5520,'182641059103112731822',NULL,251,1,'2020-12-19 12:02:21','2020-12-19 12:02:21',0,0),(5521,'182412112532310798061',NULL,251,2,'2020-12-19 12:02:21','2020-12-19 12:02:21',0,0),(5522,'182102252184976111033',NULL,251,3,'2020-12-19 12:02:21','2020-12-19 12:02:21',0,0),(5523,'182726243131950118120',NULL,251,4,'2020-12-19 12:02:21','2020-12-19 12:02:21',0,0),(5524,'182214501138061123729',NULL,252,1,'2020-12-19 12:02:21','2020-12-19 12:02:21',0,0),(5525,'182235187114129203160',NULL,252,2,'2020-12-19 12:02:21','2020-12-19 12:02:21',0,0),(5526,'182113196723212480510',NULL,252,3,'2020-12-19 12:02:21','2020-12-19 12:02:21',0,0),(5527,'182173395821122401016',NULL,252,4,'2020-12-19 12:02:21','2020-12-19 12:02:21',0,0),(5528,'182084232711251131609',NULL,253,1,'2020-12-19 12:02:21','2020-12-19 12:02:21',0,0),(5529,'182426212301139017851',NULL,253,2,'2020-12-19 12:02:22','2020-12-19 12:02:22',0,0),(5530,'182943611210532712801',NULL,253,3,'2020-12-19 12:02:22','2020-12-19 12:02:22',0,0),(5531,'182625723413089112101',NULL,253,4,'2020-12-19 12:02:22','2020-12-19 12:02:22',0,0),(5532,'182610133804921221715',NULL,254,1,'2020-12-19 12:02:22','2020-12-19 12:02:22',0,0),(5533,'182160975312122431081',NULL,254,2,'2020-12-19 12:02:22','2020-12-19 12:02:22',0,0),(5534,'182132164280209137151',NULL,254,3,'2020-12-19 12:02:22','2020-12-19 12:02:22',0,0),(5535,'182261231170385114290',NULL,254,4,'2020-12-19 12:02:22','2020-12-19 12:02:22',0,0),(5536,'182025941207261311381',NULL,255,1,'2020-12-19 12:02:22','2020-12-19 12:02:22',0,0),(5537,'182145721081012123693',NULL,255,2,'2020-12-19 12:02:22','2020-12-19 12:02:22',0,0),(5538,'182331129214211857600',NULL,255,3,'2020-12-19 12:02:22','2020-12-19 12:02:22',0,0),(5539,'182710406812531291321',NULL,255,4,'2020-12-19 12:02:23','2020-12-19 12:02:23',0,0),(5540,'182541131021631927082',NULL,256,1,'2020-12-19 12:02:23','2020-12-19 12:02:23',0,0),(5541,'182015416820117122393',NULL,256,2,'2020-12-19 12:02:23','2020-12-19 12:02:23',0,0),(5542,'182812011759032364112',NULL,256,3,'2020-12-19 12:02:23','2020-12-19 12:02:23',0,0),(5543,'182950111023412638712',NULL,256,4,'2020-12-19 12:02:23','2020-12-19 12:02:23',0,0),(5544,'182132207681241311590',NULL,257,1,'2020-12-19 12:02:23','2020-12-19 12:02:23',0,0),(5545,'182218151012079126433',NULL,257,2,'2020-12-19 12:02:23','2020-12-19 12:02:23',0,0),(5546,'182168039211272114035',NULL,257,3,'2020-12-19 12:02:23','2020-12-19 12:02:23',0,0),(5547,'182221680911531704312',NULL,257,4,'2020-12-19 12:02:23','2020-12-19 12:02:23',0,0),(5548,'182201811571426310923',NULL,258,1,'2020-12-19 12:02:23','2020-12-19 12:02:23',0,0),(5549,'182122310114952871360',NULL,258,2,'2020-12-19 12:02:23','2020-12-19 12:02:23',0,0),(5550,'182596110223181231047',NULL,258,3,'2020-12-19 12:02:23','2020-12-19 12:02:23',0,0),(5551,'182011218731402213695',NULL,258,4,'2020-12-19 12:02:23','2020-12-19 12:02:23',0,0),(5552,'182412831107201562913',NULL,259,1,'2020-12-19 12:02:23','2020-12-19 12:02:23',0,0),(5553,'182011042319126231578',NULL,259,2,'2020-12-19 12:02:24','2020-12-19 12:02:24',0,0),(5554,'182359114212318007126',NULL,259,3,'2020-12-19 12:02:24','2020-12-19 12:02:24',0,0),(5555,'182120423317165018219',NULL,259,4,'2020-12-19 12:02:24','2020-12-19 12:02:24',0,0),(5556,'182602947130252311181',NULL,260,1,'2020-12-19 12:02:24','2020-12-19 12:02:24',0,0),(5557,'182126574323802190111',NULL,260,2,'2020-12-19 12:02:24','2020-12-19 12:02:24',0,0),(5558,'182294231101268715310',NULL,260,3,'2020-12-19 12:02:24','2020-12-19 12:02:24',0,0),(5559,'182411718006159232312',NULL,260,4,'2020-12-19 12:02:24','2020-12-19 12:02:24',0,0),(5560,'182161343521210290817',NULL,261,1,'2020-12-19 12:02:24','2020-12-19 12:02:24',0,0),(5561,'182138306140171122925',NULL,261,2,'2020-12-19 12:02:24','2020-12-19 12:02:24',0,0),(5562,'182675210203831291411',NULL,261,3,'2020-12-19 12:02:24','2020-12-19 12:02:24',0,0),(5563,'182182211194123760503',NULL,261,4,'2020-12-19 12:02:24','2020-12-19 12:02:24',0,0),(5564,'182923108111436705122',NULL,262,1,'2020-12-19 12:02:25','2020-12-19 12:02:25',0,0),(5565,'182202191781213065431',NULL,262,2,'2020-12-19 12:02:25','2020-12-19 12:02:25',0,0),(5566,'182658110393171042122',NULL,262,3,'2020-12-19 12:02:25','2020-12-19 12:02:25',0,0),(5567,'182102301116472935812',NULL,262,4,'2020-12-19 12:02:25','2020-12-19 12:02:25',0,0),(5568,'182092761118335011422',NULL,263,1,'2020-12-19 12:02:25','2020-12-19 12:02:25',0,0),(5569,'182830375421922601111',NULL,263,2,'2020-12-19 12:02:25','2020-12-19 12:02:25',0,0),(5570,'182812612295701114330',NULL,263,3,'2020-12-19 12:02:25','2020-12-19 12:02:25',0,0),(5571,'182815614922331102170',NULL,263,4,'2020-12-19 12:02:25','2020-12-19 12:02:25',0,0),(5572,'182011162541903123872',NULL,264,1,'2020-12-19 12:02:25','2020-12-19 12:02:25',0,0),(5573,'182098326012117321451',NULL,264,2,'2020-12-19 12:02:25','2020-12-19 12:02:25',0,0),(5574,'182239101142118327605',NULL,264,3,'2020-12-19 12:02:25','2020-12-19 12:02:25',0,0),(5575,'182830101114322671952',NULL,264,4,'2020-12-19 12:02:26','2020-12-19 12:02:26',0,0),(5576,'182321089162113521407',NULL,265,1,'2020-12-19 12:02:26','2020-12-19 12:02:26',0,0),(5577,'182761910131823425120',NULL,265,2,'2020-12-19 12:02:26','2020-12-19 12:02:26',0,0),(5578,'182085176310111322429',NULL,265,3,'2020-12-19 12:02:26','2020-12-19 12:02:26',0,0),(5579,'182004921632111281357',NULL,265,4,'2020-12-19 12:02:26','2020-12-19 12:02:26',0,0),(5580,'182113924015283026117',NULL,266,1,'2020-12-19 12:02:26','2020-12-19 12:02:26',0,0),(5581,'182950138612304117212',NULL,266,2,'2020-12-19 12:02:26','2020-12-19 12:02:26',0,0),(5582,'182103429012131781562',NULL,266,3,'2020-12-19 12:02:26','2020-12-19 12:02:26',0,0),(5583,'182319682014723205111',NULL,266,4,'2020-12-19 12:02:26','2020-12-19 12:02:26',0,0),(5584,'182436113912082152701',NULL,267,1,'2020-12-19 12:02:26','2020-12-19 12:02:26',0,0),(5585,'182410582116302273191',NULL,267,2,'2020-12-19 12:02:26','2020-12-19 12:02:26',0,0),(5586,'182118432926351270110',NULL,267,3,'2020-12-19 12:02:26','2020-12-19 12:02:26',0,0),(5587,'182028201913527113164',NULL,267,4,'2020-12-19 12:02:26','2020-12-19 12:02:26',0,0),(5588,'182121190134275163028',NULL,268,1,'2020-12-19 12:02:26','2020-12-19 12:02:26',0,0),(5589,'182129332110451127068',NULL,268,2,'2020-12-19 12:02:26','2020-12-19 12:02:26',0,0),(5590,'182421321170130281965',NULL,268,3,'2020-12-19 12:02:26','2020-12-19 12:02:26',0,0),(5591,'182174065121231103892',NULL,268,4,'2020-12-19 12:02:26','2020-12-19 12:02:26',0,0),(5592,'182928110213730614512',NULL,269,1,'2020-12-19 12:02:27','2020-12-19 12:02:27',0,0),(5593,'182321038624102195117',NULL,269,2,'2020-12-19 12:02:27','2020-12-19 12:02:27',0,0),(5594,'182471801029356212311',NULL,269,3,'2020-12-19 12:02:27','2020-12-19 12:02:27',0,0),(5595,'182042671038291123151',NULL,269,4,'2020-12-19 12:02:27','2020-12-19 12:02:27',0,0),(5596,'182619512181371043220',NULL,270,1,'2020-12-19 12:02:27','2020-12-19 12:02:27',0,0),(5597,'182113169143282012570',NULL,270,2,'2020-12-19 12:02:27','2020-12-19 12:02:27',0,0),(5598,'182116221082311304759',NULL,270,3,'2020-12-19 12:02:27','2020-12-19 12:02:27',0,0),(5599,'182203783965111242110',NULL,270,4,'2020-12-19 12:02:27','2020-12-19 12:02:27',0,0),(5600,'182133102172542860119',NULL,271,1,'2020-12-19 12:02:27','2020-12-19 12:02:27',0,0),(5601,'182813600193417252112',NULL,271,2,'2020-12-19 12:02:27','2020-12-19 12:02:27',0,0),(5602,'182823975042116113021',NULL,271,3,'2020-12-19 12:02:27','2020-12-19 12:02:27',0,0),(5603,'182653141011212928730',NULL,271,4,'2020-12-19 12:02:27','2020-12-19 12:02:27',0,0),(5604,'182110263205274193181',NULL,272,1,'2020-12-19 12:02:27','2020-12-19 12:02:27',0,0),(5605,'182914131271802613025',NULL,272,2,'2020-12-19 12:02:27','2020-12-19 12:02:27',0,0),(5606,'182642019331125072811',NULL,272,3,'2020-12-19 12:02:27','2020-12-19 12:02:27',0,0),(5607,'182512001821674291133',NULL,272,4,'2020-12-19 12:02:28','2020-12-19 12:02:28',0,0),(5608,'182302118014152362719',NULL,273,1,'2020-12-19 12:02:28','2020-12-19 12:02:28',0,0),(5609,'182341011961823701225',NULL,273,2,'2020-12-19 12:02:28','2020-12-19 12:02:28',0,0),(5610,'182119431182630720512',NULL,273,3,'2020-12-19 12:02:28','2020-12-19 12:02:28',0,0),(5611,'182431107296285301121',NULL,273,4,'2020-12-19 12:02:28','2020-12-19 12:02:28',0,0),(5612,'182112695281101037243',NULL,274,1,'2020-12-19 12:02:28','2020-12-19 12:02:28',0,0),(5613,'182176911110042532823',NULL,274,2,'2020-12-19 12:02:28','2020-12-19 12:02:28',0,0),(5614,'182102829420117115363',NULL,274,3,'2020-12-19 12:02:28','2020-12-19 12:02:28',0,0),(5615,'182312202117186431590',NULL,274,4,'2020-12-19 12:02:28','2020-12-19 12:02:28',0,0),(5616,'182621153743001822119',NULL,275,1,'2020-12-19 12:02:28','2020-12-19 12:02:28',0,0),(5617,'182149537028131202611',NULL,275,2,'2020-12-19 12:02:28','2020-12-19 12:02:28',0,0),(5618,'182412011750228963131',NULL,275,3,'2020-12-19 12:02:28','2020-12-19 12:02:28',0,0),(5619,'182892201151014621373',NULL,275,4,'2020-12-19 12:02:29','2020-12-19 12:02:29',0,0),(5620,'182282111564203901371',NULL,276,1,'2020-12-19 12:02:29','2020-12-19 12:02:29',0,0),(5621,'182111081433722602159',NULL,276,2,'2020-12-19 12:02:29','2020-12-19 12:02:29',0,0),(5622,'182141573192312061082',NULL,276,3,'2020-12-19 12:02:29','2020-12-19 12:02:29',0,0),(5623,'182811232129507134601',NULL,276,4,'2020-12-19 12:02:29','2020-12-19 12:02:29',0,0),(5624,'182104063328215121791',NULL,277,1,'2020-12-19 12:02:29','2020-12-19 12:02:29',0,0),(5625,'182222613190154117038',NULL,277,2,'2020-12-19 12:02:29','2020-12-19 12:02:29',0,0),(5626,'182351107113910224862',NULL,277,3,'2020-12-19 12:02:29','2020-12-19 12:02:29',0,0),(5627,'182161091343175122820',NULL,277,4,'2020-12-19 12:02:29','2020-12-19 12:02:29',0,0),(5628,'182143112215200379186',NULL,278,1,'2020-12-19 12:02:29','2020-12-19 12:02:29',0,0),(5629,'182219113524672081301',NULL,278,2,'2020-12-19 12:02:29','2020-12-19 12:02:29',0,0),(5630,'182821012570943161312',NULL,278,3,'2020-12-19 12:02:30','2020-12-19 12:02:30',0,0),(5631,'182092461018115137223',NULL,278,4,'2020-12-19 12:02:30','2020-12-19 12:02:30',0,0),(5632,'182851206112231431790',NULL,279,1,'2020-12-19 12:02:30','2020-12-19 12:02:30',0,0),(5633,'182912511180623413270',NULL,279,2,'2020-12-19 12:02:30','2020-12-19 12:02:30',0,0),(5634,'182924018212016731135',NULL,279,3,'2020-12-19 12:02:30','2020-12-19 12:02:30',0,0),(5635,'182036217589231121014',NULL,279,4,'2020-12-19 12:02:30','2020-12-19 12:02:30',0,0),(5636,'182122215341161090783',NULL,280,1,'2020-12-19 12:02:30','2020-12-19 12:02:30',0,0),(5637,'182481120109317252163',NULL,280,2,'2020-12-19 12:02:30','2020-12-19 12:02:30',0,0),(5638,'182002316591147121238',NULL,280,3,'2020-12-19 12:02:30','2020-12-19 12:02:30',0,0),(5639,'182126131489720351021',NULL,280,4,'2020-12-19 12:02:30','2020-12-19 12:02:30',0,0),(5640,'182337221141205116890',NULL,281,1,'2020-12-19 12:02:30','2020-12-19 12:02:30',0,0),(5641,'182281120330911452167',NULL,281,2,'2020-12-19 12:02:31','2020-12-19 12:02:31',0,0),(5642,'182017132526241113908',NULL,281,3,'2020-12-19 12:02:31','2020-12-19 12:02:31',0,0),(5643,'182611527328010131924',NULL,281,4,'2020-12-19 12:02:31','2020-12-19 12:02:31',0,0),(5644,'182901381641712022315',NULL,282,1,'2020-12-19 12:02:31','2020-12-19 12:02:31',0,0),(5645,'182102369251241701318',NULL,282,2,'2020-12-19 12:02:31','2020-12-19 12:02:31',0,0),(5646,'182507163321910122184',NULL,282,3,'2020-12-19 12:02:31','2020-12-19 12:02:31',0,0),(5647,'182532101162218034719',NULL,282,4,'2020-12-19 12:02:31','2020-12-19 12:02:31',0,0);
/*!40000 ALTER TABLE `kbks` ENABLE KEYS */;
UNLOCK TABLES;

--
-- Table structure for table `migrations`
--

DROP TABLE IF EXISTS `migrations`;
/*!40101 SET @saved_cs_client     = @@character_set_client */;
/*!50503 SET character_set_client = utf8mb4 */;
CREATE TABLE `migrations` (
  `id` int unsigned NOT NULL AUTO_INCREMENT,
  `migration` varchar(255) COLLATE utf8mb4_unicode_ci NOT NULL,
  `batch` int NOT NULL,
  PRIMARY KEY (`id`)
) ENGINE=InnoDB AUTO_INCREMENT=56 DEFAULT CHARSET=utf8mb4 COLLATE=utf8mb4_unicode_ci;
/*!40101 SET character_set_client = @saved_cs_client */;

--
-- Dumping data for table `migrations`
--

LOCK TABLES `migrations` WRITE;
/*!40000 ALTER TABLE `migrations` DISABLE KEYS */;
INSERT INTO `migrations` VALUES (1,'2014_10_12_000000_create_users_table',1),(2,'2014_10_12_100000_create_password_resets_table',1),(3,'2019_08_19_000000_create_failed_jobs_table',1),(4,'2020_10_12_182300_create_subjects_table',1),(5,'2020_10_12_182852_create_banks_table',1),(6,'2020_10_12_182945_create_recipients_table',1),(7,'2020_10_12_183222_create_ifns_table',1),(8,'2020_10_12_183337_create_oktmos_table',1),(9,'2020_10_12_183450_create_payers_table',1),(10,'2020_10_12_185455_create_data_kinds_table',1),(11,'2020_10_12_185603_create_periods_table',1),(12,'2020_10_12_185652_create_period_items_table',1),(13,'2020_10_12_185747_create_payment_bases_table',1),(14,'2020_10_12_190656_create_data_kind_payment_basis_table',1),(15,'2020_10_12_191036_create_payer_types_table',1),(16,'2020_10_12_191119_create_payment_kinds_table',1),(17,'2020_10_12_191214_create_payment_names_table',1),(18,'2020_10_12_191426_create_payment_basis_payment_name_table',1),(19,'2020_10_12_191608_create_payment_types_table',1),(20,'2020_10_12_191710_create_payment_name_payment_type_table',1),(21,'2020_10_12_191813_create_payer_statuses_table',1),(22,'2020_10_12_191910_create_kbks_table',1),(23,'2020_10_12_192144_create_payment_documents_table',1),(24,'2020_10_23_061347_update_payment_bases_table',2),(25,'2020_10_23_065045_create_payer_type_payment_kind_table',3),(27,'2020_10_23_065250_update_payment_kinds_table',4),(29,'2020_10_23_082911_update_payment_name_table',5),(31,'2020_10_28_080218_update_payment_basis_payment_name_table',6),(33,'2020_11_08_080405_update_payer_statuses_table',7),(34,'2020_12_19_101629_update_kbks_table',8),(35,'2020_12_19_165707_update_kbks_table_payer_status',9),(36,'2020_12_20_064613_update_kbk_table_delete_payer_status',10),(40,'2020_12_20_064919_update_kbks_table_add_payer_status',11),(41,'2020_12_21_114958_update_payment_documents_add_oktmo_id_add_ifns_id',11),(42,'2020_12_21_121424_drop_payers_table',11),(44,'2020_12_23_131442_payment_documents_add_amount',12),(45,'2020_12_23_150116_payment_document_add_payment_basis_id',13),(46,'2020_12_23_160440_payment_document_add_user_id',14),(48,'2020_12_23_164048_users_add_personalities',15),(52,'2020_12_24_123800_create_tables_table',16),(53,'2020_12_24_123924_create_fields_table',16),(54,'2020_12_26_131006_create_roles_table',17),(55,'2020_12_26_131322_user_add_role',18);
/*!40000 ALTER TABLE `migrations` ENABLE KEYS */;
UNLOCK TABLES;

--
-- Table structure for table `oktmos`
--

DROP TABLE IF EXISTS `oktmos`;
/*!40101 SET @saved_cs_client     = @@character_set_client */;
/*!50503 SET character_set_client = utf8mb4 */;
CREATE TABLE `oktmos` (
  `id` bigint unsigned NOT NULL AUTO_INCREMENT,
  `code` varchar(255) COLLATE utf8mb4_unicode_ci NOT NULL,
  `name` varchar(255) COLLATE utf8mb4_unicode_ci NOT NULL,
  `subject_id` bigint unsigned NOT NULL,
  `created_at` timestamp NULL DEFAULT NULL,
  `updated_at` timestamp NULL DEFAULT NULL,
  PRIMARY KEY (`id`),
  KEY `oktmos_subject_id_foreign` (`subject_id`),
  CONSTRAINT `oktmos_subject_id_foreign` FOREIGN KEY (`subject_id`) REFERENCES `subjects` (`id`)
) ENGINE=InnoDB AUTO_INCREMENT=322 DEFAULT CHARSET=utf8mb4 COLLATE=utf8mb4_unicode_ci;
/*!40101 SET character_set_client = @saved_cs_client */;

--
-- Dumping data for table `oktmos`
--

LOCK TABLES `oktmos` WRITE;
/*!40000 ALTER TABLE `oktmos` DISABLE KEYS */;
INSERT INTO `oktmos` VALUES (1,'75000000','Муниципальные образования Челябинской области',74,NULL,NULL),(2,'75603000','Агаповский муниципальный район',74,NULL,NULL),(3,'75603407','Агаповское сельское поселение',74,NULL,NULL),(4,'75603411','Буранное сельское поселение',74,NULL,NULL),(5,'75603422','Желтинское сельское поселение',74,NULL,NULL),(6,'75603433','Магнитное сельское поселение',74,NULL,NULL),(7,'75603436','Наровчатское сельское поселение',74,NULL,NULL),(8,'75603444','Первомайское сельское поселение',74,NULL,NULL),(9,'75603455','Приморское сельское поселение',74,NULL,NULL),(10,'75603466','Светлогорское сельское поселение',74,NULL,NULL),(11,'75603472','Черниговское сельское поселение',74,NULL,NULL),(12,'75603477','Янгельское сельское поселение',74,NULL,NULL),(13,'75606000','Аргаяшский муниципальный район',74,NULL,NULL),(14,'75606410','Акбашевское сельское поселение',74,NULL,NULL),(15,'75606412','Аргаяшское сельское поселение',74,NULL,NULL),(16,'75606420','Аязгуловское сельское поселение',74,NULL,NULL),(17,'75606433','Байрамгуловское сельское поселение',74,NULL,NULL),(18,'75606440','Дербишевское сельское поселение',74,NULL,NULL),(19,'75606445','Ишалинское сельское поселение',74,NULL,NULL),(20,'75606450','Камышевское сельское поселение',74,NULL,NULL),(21,'75606460','Кузнецкое сельское поселение',74,NULL,NULL),(22,'75606470','Кулуевское сельское поселение',74,NULL,NULL),(23,'75606480','Норкинское сельское поселение',74,NULL,NULL),(24,'75606490','Худайбердинское сельское поселение',74,NULL,NULL),(25,'75606498','Яраткуловское сельское поселение',74,NULL,NULL),(26,'75609000','Ашинский муниципальный район',74,NULL,NULL),(27,'75609101','Ашинское городское поселение',74,NULL,NULL),(28,'75609103','Миньярское городское поселение',74,NULL,NULL),(29,'75609105','Симское городское поселение',74,NULL,NULL),(30,'75609153','Кропачевское городское поселение',74,NULL,NULL),(31,'75609411','Биянское сельское поселение',74,NULL,NULL),(32,'75609422','Еральское сельское поселение',74,NULL,NULL),(33,'75609433','Илекское сельское поселение',74,NULL,NULL),(34,'75609444','Точильнинское сельское поселение',74,NULL,NULL),(35,'75609477','Укское сельское поселение',74,NULL,NULL),(36,'75612000','Брединский муниципальный район',74,NULL,NULL),(37,'75612410','Андреевское сельское поселение',74,NULL,NULL),(38,'75612412','Атамановское сельское поселение',74,NULL,NULL),(39,'75612420','Белокаменское сельское поселение',74,NULL,NULL),(40,'75612430','Боровское сельское поселение',74,NULL,NULL),(41,'75612432','Брединское сельское поселение',74,NULL,NULL),(42,'75612440','Калининское сельское поселение',74,NULL,NULL),(43,'75612450','Княженское сельское поселение',74,NULL,NULL),(44,'75612460','Комсомольское сельское поселение',74,NULL,NULL),(45,'75612470','Наследницкое сельское поселение',74,NULL,NULL),(46,'75612480','Павловское сельское поселение',74,NULL,NULL),(47,'75612490','Рымникское сельское поселение',74,NULL,NULL),(48,'75614000','Варненский муниципальный район',74,NULL,NULL),(49,'75614405','Алексеевское сельское поселение',74,NULL,NULL),(50,'75614410','Аятское сельское поселение',74,NULL,NULL),(51,'75614415','Бородиновское сельское поселение',74,NULL,NULL),(52,'75614420','Варненское сельское поселение',74,NULL,NULL),(53,'75614422','Казановское сельское поселение',74,NULL,NULL),(54,'75614423','Катенинское сельское поселение',74,NULL,NULL),(55,'75614425','Краснооктябрьское сельское поселение',74,NULL,NULL),(56,'75614430','Кулевчинское сельское поселение',74,NULL,NULL),(57,'75614435','Лейпцигское сельское поселение',74,NULL,NULL),(58,'75614440','Николаевское сельское поселение',74,NULL,NULL),(59,'75614445','Новоуральское сельское поселение',74,NULL,NULL),(60,'75614450','Покровское сельское поселение',74,NULL,NULL),(61,'75614455','Толстинское сельское поселение',74,NULL,NULL),(62,'75617000','Верхнеуральский муниципальный район',74,NULL,NULL),(63,'75617101','Верхнеуральское городское поселение',74,NULL,NULL),(64,'75617153','Межозерное городское поселение',74,NULL,NULL),(65,'75617422','Карагайское сельское поселение',74,NULL,NULL),(66,'75617433','Кирсинское сельское поселение',74,NULL,NULL),(67,'75617444','Краснинское сельское поселение',74,NULL,NULL),(68,'75617455','Петропавловское сельское поселение',74,NULL,NULL),(69,'75617466','Спасское сельское поселение',74,NULL,NULL),(70,'75617477','Степное сельское поселение',74,NULL,NULL),(71,'75617479','Сурменевское сельское поселение',74,NULL,NULL),(72,'75617488','Форштадтское сельское поселение',74,NULL,NULL),(73,'75619000','Еманжелинскй муниципальный район',74,NULL,NULL),(74,'75619101','Еманжелинское городское поселение',74,NULL,NULL),(75,'75619152','Зауральское городское поселение',74,NULL,NULL),(76,'75619154','Красногорское городское поселение',74,NULL,NULL),(77,'75620000','Еткульский муниципальный район',74,NULL,NULL),(78,'75620408','Бектышское сельское поселение',74,NULL,NULL),(79,'75620410','Белоносовское сельское поселение',74,NULL,NULL),(80,'75620412','Белоусовское сельское поселение',74,NULL,NULL),(81,'75620420','Еманжелинское сельское поселение',74,NULL,NULL),(82,'75620430','Еткульское сельское поселение',74,NULL,NULL),(83,'75620440','Каратабанское сельское поселение',74,NULL,NULL),(84,'75620450','Коелгинское сельское поселение',74,NULL,NULL),(85,'75620460','Лебедевское сельское поселение',74,NULL,NULL),(86,'75620465','Новобатуринское сельское поселение',74,NULL,NULL),(87,'75620470','Печёнкинское сельское поселение',74,NULL,NULL),(88,'75620480','Пискловское сельское поселение',74,NULL,NULL),(89,'75620490','Селезянское сельское поселение',74,NULL,NULL),(90,'75623000','Карталинский муниципальный район',74,NULL,NULL),(91,'75623101','Карталинское городское поселение',74,NULL,NULL),(92,'75623405','Анненское сельское поселение',74,NULL,NULL),(93,'75623410','Варшавское сельское поселение',74,NULL,NULL),(94,'75623415','Великопетровское сельское поселение',74,NULL,NULL),(95,'75623420','Еленинское сельское поселение',74,NULL,NULL),(96,'75623425','Мичуринское сельское поселение',74,NULL,NULL),(97,'75623428','Неплюевское сельское поселение',74,NULL,NULL),(98,'75623435','Полтавское сельское поселение',74,NULL,NULL),(99,'75623440','Снежненское сельское поселение',74,NULL,NULL),(100,'75623445','Сухореченское сельское поселение',74,NULL,NULL),(101,'75623450','Южно-Степное сельское поселение',74,NULL,NULL),(102,'75626000','Каслинский муниципальный район',74,NULL,NULL),(103,'75626101','Каслинское городское поселение',74,NULL,NULL),(104,'75626153','Вишневогорское городское поселение',74,NULL,NULL),(105,'75626405','Багарякское сельское поселение',74,NULL,NULL),(106,'75626410','Береговое сельское поселение',74,NULL,NULL),(107,'75626415','Булзинское сельское поселение',74,NULL,NULL),(108,'75626420','Воздвиженское сельское поселение',74,NULL,NULL),(109,'75626425','Григорьевское сельское поселение',74,NULL,NULL),(110,'75626430','Маукское сельское поселение',74,NULL,NULL),(111,'75626435','Огневское сельское поселение',74,NULL,NULL),(112,'75626440','Тюбукское сельское поселение',74,NULL,NULL),(113,'75626445','Шабуровское сельское поселение',74,NULL,NULL),(114,'75629000','Катав-Ивановский муниципальный район',74,NULL,NULL),(115,'75629101','Катав-Ивановское городское поселение',74,NULL,NULL),(116,'75629116','Юрюзанское городское поселение',74,NULL,NULL),(117,'75629411','Бедярышское сельское поселение',74,NULL,NULL),(118,'75629422','Верх-Катавское сельское поселение',74,NULL,NULL),(119,'75629430','Лесное сельское поселение',74,NULL,NULL),(120,'75629433','Месединское сельское поселение',74,NULL,NULL),(121,'75629451','Орловское сельское поселение',74,NULL,NULL),(122,'75629455','Серпиевское сельское поселение',74,NULL,NULL),(123,'75629477','Тюлюкское сельское поселение',74,NULL,NULL),(124,'75632000','Кизильский муниципальный район',74,NULL,NULL),(125,'75632410','Богдановское сельское поселение',74,NULL,NULL),(126,'75632420','Гранитное сельское поселение',74,NULL,NULL),(127,'75632430','Зингейское сельское поселение',74,NULL,NULL),(128,'75632440','Измайловское сельское поселение',74,NULL,NULL),(129,'75632443','Карабулакское сельское поселение',74,NULL,NULL),(130,'75632446','Кацбахское сельское поселение',74,NULL,NULL),(131,'75632450','Кизильское сельское поселение',74,NULL,NULL),(132,'75632456','Новоершовское сельское поселение',74,NULL,NULL),(133,'75632458','Новопокровское сельское поселение',74,NULL,NULL),(134,'75632460','Обручевское сельское поселение',74,NULL,NULL),(135,'75632470','Полоцкое сельское поселение',74,NULL,NULL),(136,'75632480','Сельское поселение Путь Октября',74,NULL,NULL),(137,'75632490','Сыртинское сельское поселение',74,NULL,NULL),(138,'75632493','Уральское сельское поселение',74,NULL,NULL),(139,'75633000','Коркинский муниципальный район',74,NULL,NULL),(140,'75633101','Коркинское городское поселение',74,NULL,NULL),(141,'75633154','Первомайское городское поселение',74,NULL,NULL),(142,'75633156','Розинское городское поселение',74,NULL,NULL),(143,'75634000','Красноармейский муниципальный район',74,NULL,NULL),(144,'75634405','Алабугское сельское поселение',74,NULL,NULL),(145,'75634408','Баландинское сельское поселение',74,NULL,NULL),(146,'75634410','Березовское сельское поселение',74,NULL,NULL),(147,'75634415','Бродокалмакское сельское поселение',74,NULL,NULL),(148,'75634417','Дубровское сельское поселение',74,NULL,NULL),(149,'75634420','Канашевское сельское поселение',74,NULL,NULL),(150,'75634425','Козыревское сельское поселение',74,NULL,NULL),(151,'75634430','Лазурненское сельское поселение',74,NULL,NULL),(152,'75634435','Луговское сельское поселение',74,NULL,NULL),(153,'75634440','Миасское сельское поселение',74,NULL,NULL),(154,'75634445','Озерное сельское поселение',74,NULL,NULL),(155,'75634450','Русско-Теченское сельское поселение',74,NULL,NULL),(156,'75634455','Сугоякское сельское поселение',74,NULL,NULL),(157,'75634457','Теренкульское сельское поселение',74,NULL,NULL),(158,'75634460','Шумовское сельское поселение',74,NULL,NULL),(159,'75636000','Кунашакский муниципальный район',74,NULL,NULL),(160,'75636410','Ашировское сельское поселение',74,NULL,NULL),(161,'75636420','Буринское сельское поселение',74,NULL,NULL),(162,'75636430','Кунашакское сельское поселение',74,NULL,NULL),(163,'75636440','Куяшское сельское поселение',74,NULL,NULL),(164,'75636450','Муслюмовское сельское поселение',74,NULL,NULL),(165,'75636460','Саринское сельское поселение',74,NULL,NULL),(166,'75636470','Урукульское сельское поселение',74,NULL,NULL),(167,'75636480','Усть-Багарякское сельское поселение',74,NULL,NULL),(168,'75636490','Халитовское сельское поселение',74,NULL,NULL),(169,'75638000','Кусинский муниципальный район',74,NULL,NULL),(170,'75638101','Кусинское городское поселение',74,NULL,NULL),(171,'75638153','Магнитское городское поселение',74,NULL,NULL),(172,'75638411','Злоказовское сельское поселение',74,NULL,NULL),(173,'75638422','Медведевское сельское поселение',74,NULL,NULL),(174,'75638433','Петропавловское сельское поселение',74,NULL,NULL),(175,'75642000','Нагайбакский муниципальный район',74,NULL,NULL),(176,'75642154','Южное городское поселение',74,NULL,NULL),(177,'75642410','Арсинское сельское поселение',74,NULL,NULL),(178,'75642420','Балканское сельское поселение',74,NULL,NULL),(179,'75642430','Кассельское сельское поселение',74,NULL,NULL),(180,'75642440','Куликовское сельское поселение',74,NULL,NULL),(181,'75642450','Нагайбакское сельское поселение',74,NULL,NULL),(182,'75642460','Остроленское сельское поселение',74,NULL,NULL),(183,'75642470','Парижское сельское поселение',74,NULL,NULL),(184,'75642480','Переселенческое сельское поселение',74,NULL,NULL),(185,'75642490','Фершампенуазское сельское поселение',74,NULL,NULL),(186,'75644000','Нязепетровский муниципальный район',74,NULL,NULL),(187,'75644101','Нязепетровское городское поселение',74,NULL,NULL),(188,'75644411','Гривенское сельское поселение',74,NULL,NULL),(189,'75644422','Кургинское сельское поселение',74,NULL,NULL),(190,'75644433','Ункурдинское сельское поселение',74,NULL,NULL),(191,'75644444','Шемахинское сельское поселение',74,NULL,NULL),(192,'75647000','Октябрьский муниципальный район',74,NULL,NULL),(193,'75647405','Боровое сельское поселение',74,NULL,NULL),(194,'75647410','Каракульское сельское поселение',74,NULL,NULL),(195,'75647415','Кочердыкское сельское поселение',74,NULL,NULL),(196,'75647420','Крутоярское сельское поселение',74,NULL,NULL),(197,'75647425','Лысковское сельское поселение',74,NULL,NULL),(198,'75647430','Маякское сельское поселение',74,NULL,NULL),(199,'75647435','Мяконькское сельское поселение',74,NULL,NULL),(200,'75647440','Никольское сельское поселение',74,NULL,NULL),(201,'75647445','Октябрьское сельское поселение',74,NULL,NULL),(202,'75647450','Подовинное сельское поселение',74,NULL,NULL),(203,'75647455','Свободненское сельское поселение',74,NULL,NULL),(204,'75647460','Уйско-Чебаркульское сельское поселение',74,NULL,NULL),(205,'75647465','Чудиновское сельское поселение',74,NULL,NULL),(206,'75648000','Пластовский муниципальный район',74,NULL,NULL),(207,'75648101','Пластовское городское поселение',74,NULL,NULL),(208,'75648403','Борисовское сельское поселение',74,NULL,NULL),(209,'75648406','Демаринское сельское поселение',74,NULL,NULL),(210,'75648409','Кочкарское сельское поселение',74,NULL,NULL),(211,'75648420','Степнинское сельское поселение',74,NULL,NULL),(212,'75649000','Саткинский муниципальный район',74,NULL,NULL),(213,'75649101','Саткинское городское поселение',74,NULL,NULL),(214,'75649103','Бакальское городское поселение',74,NULL,NULL),(215,'75649153','Бердяушское городское поселение',74,NULL,NULL),(216,'75649158','Межевое городское поселение',74,NULL,NULL),(217,'75649162','Сулеинское городское поселение',74,NULL,NULL),(218,'75649411','Айлинское сельское поселение',74,NULL,NULL),(219,'75649433','Романовское сельское поселение',74,NULL,NULL),(220,'75652000','Сосновский муниципальный район',74,NULL,NULL),(221,'75652405','Алишевское сельское поселение',74,NULL,NULL),(222,'75652406','Архангельское сельское поселение',74,NULL,NULL),(223,'75652408','Вознесенское сельское поселение',74,NULL,NULL),(224,'75652410','Долгодеревенское сельское поселение',74,NULL,NULL),(225,'75652415','Есаульское сельское поселение',74,NULL,NULL),(226,'75652420','Краснопольское сельское поселение',74,NULL,NULL),(227,'75652425','Кременкульское сельское поселение',74,NULL,NULL),(228,'75652430','Мирненское сельское поселение',74,NULL,NULL),(229,'75652432','Сельское поселение Новый Кременкуль',74,NULL,NULL),(230,'75652434','Полетаевское сельское поселение',74,NULL,NULL),(231,'75652435','Рощинское сельское поселение',74,NULL,NULL),(232,'75652440','Саккуловское сельское поселение',74,NULL,NULL),(233,'75652445','Саргазинское сельское поселение',74,NULL,NULL),(234,'75652450','Солнечное сельское поселение',74,NULL,NULL),(235,'75652452','Теченское сельское поселение',74,NULL,NULL),(236,'75652455','Томинское сельское поселение',74,NULL,NULL),(237,'75654000','Троицкий муниципальный район',74,NULL,NULL),(238,'75654405','Белозерское сельское поселение',74,NULL,NULL),(239,'75654410','Бобровское сельское поселение',74,NULL,NULL),(240,'75654415','Дробышевское сельское поселение',74,NULL,NULL),(241,'75654422','Карсинское сельское поселение',74,NULL,NULL),(242,'75654425','Ключевское сельское поселение',74,NULL,NULL),(243,'75654430','Клястицкое сельское поселение',74,NULL,NULL),(244,'75654435','Кособродское сельское поселение',74,NULL,NULL),(245,'75654440','Нижнесанарское сельское поселение',74,NULL,NULL),(246,'75654443','Сельское поселение Новомирское',74,NULL,NULL),(247,'75654445','Песчанское сельское поселение',74,NULL,NULL),(248,'75654450','Родниковское сельское поселение',74,NULL,NULL),(249,'75654460','Троицко-совхозное сельское поселение',74,NULL,NULL),(250,'75654463','Шантаринское сельское поселение',74,NULL,NULL),(251,'75654465','Яснополянское сельское поселение',74,NULL,NULL),(252,'75655000','Увельский муниципальный район',74,NULL,NULL),(253,'75655411','Каменское сельское поселение',74,NULL,NULL),(254,'75655422','Кичигинское сельское поселение',74,NULL,NULL),(255,'75655433','Красносельское сельское поселение',74,NULL,NULL),(256,'75655438','Мордвиновское сельское поселение',74,NULL,NULL),(257,'75655444','Петровское сельское поселение',74,NULL,NULL),(258,'75655455','Половинское сельское поселение',74,NULL,NULL),(259,'75655466','Рождественское сельское поселение',74,NULL,NULL),(260,'75655472','Увельское сельское поселение',74,NULL,NULL),(261,'75655477','Хомутининское сельское поселение',74,NULL,NULL),(262,'75655488','Хуторское сельское поселение',74,NULL,NULL),(263,'75656000','Уйский муниципальный район',74,NULL,NULL),(264,'75656408','Сельское поселение Петропавловское',74,NULL,NULL),(265,'75656411','Аминевское сельское поселение',74,NULL,NULL),(266,'75656422','Беловское сельское поселение',74,NULL,NULL),(267,'75656433','Вандышевское сельское поселение',74,NULL,NULL),(268,'75656444','Кидышевское сельское поселение',74,NULL,NULL),(269,'75656446','Кумлякское сельское поселение',74,NULL,NULL),(270,'75656455','Ларинское сельское поселение',74,NULL,NULL),(271,'75656460','Масловское сельское поселение',74,NULL,NULL),(272,'75656466','Нижнеусцелемовское сельское поселение',74,NULL,NULL),(273,'75656477','Соколовское сельское поселение',74,NULL,NULL),(274,'75656488','Уйское сельское поселение',74,NULL,NULL),(275,'75657000','Чебаркульский муниципальный район',74,NULL,NULL),(276,'75657411','Бишкильское сельское поселение',74,NULL,NULL),(277,'75657415','Варламовское сельское поселение',74,NULL,NULL),(278,'75657425','Кундравинское сельское поселение',74,NULL,NULL),(279,'75657440','Непряхинское сельское поселение',74,NULL,NULL),(280,'75657450','Сарафановское сельское поселение',74,NULL,NULL),(281,'75657455','Тимирязевское сельское поселение',74,NULL,NULL),(282,'75657460','Травниковское сельское поселение',74,NULL,NULL),(283,'75657470','Филимоновское сельское поселение',74,NULL,NULL),(284,'75657490','Шахматовское сельское поселение',74,NULL,NULL),(285,'75659000','Чесменский муниципальный район',74,NULL,NULL),(286,'75659410','Березинское сельское поселение',74,NULL,NULL),(287,'75659420','Светловское сельское поселение',74,NULL,NULL),(288,'75659430','Калиновское сельское поселение',74,NULL,NULL),(289,'75659438','Новомирское сельское поселение',74,NULL,NULL),(290,'75659440','Новоукраинское сельское поселение',74,NULL,NULL),(291,'75659442','Редутовское сельское поселение',74,NULL,NULL),(292,'75659445','Тарасовское сельское поселение',74,NULL,NULL),(293,'75659450','Тарутинское сельское поселение',74,NULL,NULL),(294,'75659460','Углицкое сельское поселение',74,NULL,NULL),(295,'75659470','Цвиллингское сельское поселение',74,NULL,NULL),(296,'75659480','Черноборское сельское поселение',74,NULL,NULL),(297,'75659490','Чесменское сельское поселение',74,NULL,NULL),(298,'75701000','Челябинский городской округ',74,NULL,NULL),(299,'75701310','Администрация Калининского района города Челябинска',74,NULL,NULL),(300,'75701315','Администрация Курчатовского района города Челябинска',74,NULL,NULL),(301,'75701320','Администрация Ленинского района города Челябинска',74,NULL,NULL),(302,'75701330','Администрация Металлургического района города Челябинска',74,NULL,NULL),(303,'75701370','Администрация Советского района города Челябинска',74,NULL,NULL),(304,'75701380','Администрация Тракторозаводского района города Челябинска',74,NULL,NULL),(305,'75701390','Администрация Центрального района города Челябинска',74,NULL,NULL),(306,'75706000','Верхнеуфалейский городской округ',74,NULL,NULL),(307,'75707000','Трехгорный городской округ',74,NULL,NULL),(308,'75712000','Златоустовскй городской округ',74,NULL,NULL),(309,'75715000','Карабашский городской округ',74,NULL,NULL),(310,'75728000','Копейский городской округ',74,NULL,NULL),(311,'75734000','Кыштымский городской округ',74,NULL,NULL),(312,'75738000','Магнитогорский городской округ',74,NULL,NULL),(313,'75742000','Миасский городской округ',74,NULL,NULL),(314,'75743000','Озерский городской округ',74,NULL,NULL),(315,'75746000','Снежинский городской округ',74,NULL,NULL),(316,'75752000','Троицкий городской округ',74,NULL,NULL),(317,'75755000','Усть-Катавский городской округ',74,NULL,NULL),(318,'75758000','Чебаркульский городской округ',74,NULL,NULL),(319,'75759000','Локомотивный городской округ',74,NULL,NULL),(320,'75764000','Южноуральский городской округ',74,NULL,NULL);
/*!40000 ALTER TABLE `oktmos` ENABLE KEYS */;
UNLOCK TABLES;

--
-- Table structure for table `password_resets`
--

DROP TABLE IF EXISTS `password_resets`;
/*!40101 SET @saved_cs_client     = @@character_set_client */;
/*!50503 SET character_set_client = utf8mb4 */;
CREATE TABLE `password_resets` (
  `email` varchar(255) COLLATE utf8mb4_unicode_ci NOT NULL,
  `token` varchar(255) COLLATE utf8mb4_unicode_ci NOT NULL,
  `created_at` timestamp NULL DEFAULT NULL,
  KEY `password_resets_email_index` (`email`)
) ENGINE=InnoDB DEFAULT CHARSET=utf8mb4 COLLATE=utf8mb4_unicode_ci;
/*!40101 SET character_set_client = @saved_cs_client */;

--
-- Dumping data for table `password_resets`
--

LOCK TABLES `password_resets` WRITE;
/*!40000 ALTER TABLE `password_resets` DISABLE KEYS */;
/*!40000 ALTER TABLE `password_resets` ENABLE KEYS */;
UNLOCK TABLES;

--
-- Table structure for table `payer_statuses`
--

DROP TABLE IF EXISTS `payer_statuses`;
/*!40101 SET @saved_cs_client     = @@character_set_client */;
/*!50503 SET character_set_client = utf8mb4 */;
CREATE TABLE `payer_statuses` (
  `id` bigint unsigned NOT NULL AUTO_INCREMENT,
  `name` text CHARACTER SET utf8mb4 COLLATE utf8mb4_unicode_ci NOT NULL,
  `payer_type_id` bigint unsigned NOT NULL,
  `created_at` timestamp NULL DEFAULT NULL,
  `updated_at` timestamp NULL DEFAULT NULL,
  `code` varchar(255) COLLATE utf8mb4_unicode_ci NOT NULL,
  PRIMARY KEY (`id`),
  KEY `payer_statuses_payer_type_id_foreign` (`payer_type_id`),
  CONSTRAINT `payer_statuses_payer_type_id_foreign` FOREIGN KEY (`payer_type_id`) REFERENCES `payer_types` (`id`)
) ENGINE=InnoDB AUTO_INCREMENT=17 DEFAULT CHARSET=utf8mb4 COLLATE=utf8mb4_unicode_ci;
/*!40101 SET character_set_client = @saved_cs_client */;

--
-- Dumping data for table `payer_statuses`
--

LOCK TABLES `payer_statuses` WRITE;
/*!40000 ALTER TABLE `payer_statuses` DISABLE KEYS */;
INSERT INTO `payer_statuses` VALUES (9,'13 - Иное физическое лицо',2,NULL,NULL,'13'),(10,'02 - Налоговый агент',1,NULL,NULL,'02'),(11,'09 - Индивидуальный предприниматель',1,NULL,NULL,'09'),(12,'10 - Нотариус, занимающийся частной практикой',1,NULL,NULL,'10'),(13,'11 - Адвокат, учредивший адвокатский кабинет',1,NULL,NULL,'11'),(14,'12 - Глава крестьянского (фермерского) хозяйства',1,NULL,NULL,'12'),(15,'25 - Банки-гаранты, составившие распоряжение о переводе денежных средств в бюджетную систему Российской Федерации при возврате налога на добавленную стоимость, излишне полученной налогоплательщиком (зачтенной ему) в заявительном порядке, а также при уплате акцизов, исчисленных по операциям реализации подакцизных товаров за пределы территории Российской Федерации, и акцизов по алкогольной и (или) подакцизной спиртосодержащей продукции',1,NULL,NULL,'25'),(16,'26 - Учредители (участники) должника, собственники имущества должника – унитарного предприятия или третьи лица, составившие распоряжение о переводе денежных средств на погашение требований к должнику по уплате обязательных платежей, включенных в реестр требований кредиторов, в ходе процедур, применяемых в деле о банкротстве',1,NULL,NULL,'26');
/*!40000 ALTER TABLE `payer_statuses` ENABLE KEYS */;
UNLOCK TABLES;

--
-- Table structure for table `payer_type_payment_basis`
--

DROP TABLE IF EXISTS `payer_type_payment_basis`;
/*!40101 SET @saved_cs_client     = @@character_set_client */;
/*!50503 SET character_set_client = utf8mb4 */;
CREATE TABLE `payer_type_payment_basis` (
  `id` bigint unsigned NOT NULL AUTO_INCREMENT,
  `payment_basis_id` bigint unsigned NOT NULL,
  `created_at` timestamp NULL DEFAULT NULL,
  `updated_at` timestamp NULL DEFAULT NULL,
  `payer_type_id` bigint unsigned NOT NULL,
  PRIMARY KEY (`id`),
  KEY `payment_basis_payment_name_payment_basis_id_foreign` (`payment_basis_id`),
  KEY `payer_type_payment_basis_payer_type_id_foreign` (`payer_type_id`),
  CONSTRAINT `payer_type_payment_basis_payer_type_id_foreign` FOREIGN KEY (`payer_type_id`) REFERENCES `payer_types` (`id`),
  CONSTRAINT `payment_basis_payment_name_payment_basis_id_foreign` FOREIGN KEY (`payment_basis_id`) REFERENCES `payment_bases` (`id`)
) ENGINE=InnoDB AUTO_INCREMENT=22 DEFAULT CHARSET=utf8mb4 COLLATE=utf8mb4_unicode_ci;
/*!40101 SET character_set_client = @saved_cs_client */;

--
-- Dumping data for table `payer_type_payment_basis`
--

LOCK TABLES `payer_type_payment_basis` WRITE;
/*!40000 ALTER TABLE `payer_type_payment_basis` DISABLE KEYS */;
INSERT INTO `payer_type_payment_basis` VALUES (1,1,NULL,NULL,1),(2,2,NULL,NULL,1),(3,3,NULL,NULL,1),(4,4,NULL,NULL,1),(5,5,NULL,NULL,1),(6,6,NULL,NULL,1),(7,7,NULL,NULL,1),(8,8,NULL,NULL,1),(9,9,NULL,NULL,1),(10,10,NULL,NULL,1),(11,11,NULL,NULL,1),(12,12,NULL,NULL,1),(13,13,NULL,NULL,1),(14,14,NULL,NULL,1),(15,1,NULL,NULL,2),(16,2,NULL,NULL,2),(17,4,NULL,NULL,2),(18,5,NULL,NULL,2),(19,6,NULL,NULL,2),(20,9,NULL,NULL,2),(21,10,NULL,NULL,2);
/*!40000 ALTER TABLE `payer_type_payment_basis` ENABLE KEYS */;
UNLOCK TABLES;

--
-- Table structure for table `payer_type_payment_kind`
--

DROP TABLE IF EXISTS `payer_type_payment_kind`;
/*!40101 SET @saved_cs_client     = @@character_set_client */;
/*!50503 SET character_set_client = utf8mb4 */;
CREATE TABLE `payer_type_payment_kind` (
  `id` bigint unsigned NOT NULL AUTO_INCREMENT,
  `payer_type_id` bigint unsigned NOT NULL,
  `payment_kind_id` bigint unsigned NOT NULL,
  `created_at` timestamp NULL DEFAULT NULL,
  `updated_at` timestamp NULL DEFAULT NULL,
  PRIMARY KEY (`id`),
  KEY `payer_type_payment_kind_payer_type_id_foreign` (`payer_type_id`),
  KEY `payer_type_payment_kind_payment_kind_id_foreign` (`payment_kind_id`),
  CONSTRAINT `payer_type_payment_kind_payer_type_id_foreign` FOREIGN KEY (`payer_type_id`) REFERENCES `payer_types` (`id`),
  CONSTRAINT `payer_type_payment_kind_payment_kind_id_foreign` FOREIGN KEY (`payment_kind_id`) REFERENCES `payment_kinds` (`id`)
) ENGINE=InnoDB AUTO_INCREMENT=22 DEFAULT CHARSET=utf8mb4 COLLATE=utf8mb4_unicode_ci;
/*!40101 SET character_set_client = @saved_cs_client */;

--
-- Dumping data for table `payer_type_payment_kind`
--

LOCK TABLES `payer_type_payment_kind` WRITE;
/*!40000 ALTER TABLE `payer_type_payment_kind` DISABLE KEYS */;
INSERT INTO `payer_type_payment_kind` VALUES (1,1,2,NULL,NULL),(2,1,3,NULL,NULL),(3,1,4,NULL,NULL),(4,1,5,NULL,NULL),(5,1,6,NULL,NULL),(6,1,7,NULL,NULL),(7,1,8,NULL,NULL),(8,1,9,NULL,NULL),(9,1,10,NULL,NULL),(10,1,11,NULL,NULL),(11,1,12,NULL,NULL),(12,2,1,NULL,NULL),(13,2,2,NULL,NULL),(14,2,3,NULL,NULL),(15,2,4,NULL,NULL),(16,2,5,NULL,NULL),(17,2,6,NULL,NULL),(18,2,7,NULL,NULL),(19,2,10,NULL,NULL),(20,2,11,NULL,NULL),(21,2,12,NULL,NULL);
/*!40000 ALTER TABLE `payer_type_payment_kind` ENABLE KEYS */;
UNLOCK TABLES;

--
-- Table structure for table `payer_types`
--

DROP TABLE IF EXISTS `payer_types`;
/*!40101 SET @saved_cs_client     = @@character_set_client */;
/*!50503 SET character_set_client = utf8mb4 */;
CREATE TABLE `payer_types` (
  `id` bigint unsigned NOT NULL AUTO_INCREMENT,
  `name` varchar(255) COLLATE utf8mb4_unicode_ci NOT NULL,
  `created_at` timestamp NULL DEFAULT NULL,
  `updated_at` timestamp NULL DEFAULT NULL,
  PRIMARY KEY (`id`)
) ENGINE=InnoDB AUTO_INCREMENT=3 DEFAULT CHARSET=utf8mb4 COLLATE=utf8mb4_unicode_ci;
/*!40101 SET character_set_client = @saved_cs_client */;

--
-- Dumping data for table `payer_types`
--

LOCK TABLES `payer_types` WRITE;
/*!40000 ALTER TABLE `payer_types` DISABLE KEYS */;
INSERT INTO `payer_types` VALUES (1,'Индивидуальный предприниматель',NULL,NULL),(2,'Физическое лицо',NULL,NULL);
/*!40000 ALTER TABLE `payer_types` ENABLE KEYS */;
UNLOCK TABLES;

--
-- Table structure for table `payment_bases`
--

DROP TABLE IF EXISTS `payment_bases`;
/*!40101 SET @saved_cs_client     = @@character_set_client */;
/*!50503 SET character_set_client = utf8mb4 */;
CREATE TABLE `payment_bases` (
  `id` bigint unsigned NOT NULL AUTO_INCREMENT,
  `name` varchar(255) COLLATE utf8mb4_unicode_ci NOT NULL,
  `created_at` timestamp NULL DEFAULT NULL,
  `updated_at` timestamp NULL DEFAULT NULL,
  `code` varchar(255) COLLATE utf8mb4_unicode_ci NOT NULL,
  PRIMARY KEY (`id`)
) ENGINE=InnoDB AUTO_INCREMENT=15 DEFAULT CHARSET=utf8mb4 COLLATE=utf8mb4_unicode_ci;
/*!40101 SET character_set_client = @saved_cs_client */;

--
-- Dumping data for table `payment_bases`
--

LOCK TABLES `payment_bases` WRITE;
/*!40000 ALTER TABLE `payment_bases` DISABLE KEYS */;
INSERT INTO `payment_bases` VALUES (1,'Платежи текущего года',NULL,NULL,'ТП'),(2,'Добровольное погашение задолженности по истекшим налоговым периодам при отсутствии требования об уплате налогов (сборов) от налогового органа',NULL,NULL,'ЗД'),(3,'Текущие платежи физических лиц – клиентов банка (владельцев счета), уплачиваемые со своего банковского счета',NULL,NULL,'БФ'),(4,'Погашение задолженности по требованию об уплате налогов (сборов) от налогового органа',NULL,NULL,'ТР'),(5,'Погашение рассроченной задолженности',NULL,NULL,'РС'),(6,'Погашение отсроченной задолженности',NULL,NULL,'ОТ'),(7,'Погашение реструктурируемой задолженности',NULL,NULL,'РТ'),(8,'Погашение задолженности, приостановленной к взысканию',NULL,NULL,'ПР'),(9,'Погашение задолженности по акту проверки',NULL,NULL,'АП'),(10,'Погашение задолженности по исполнительному документу',NULL,NULL,'АР'),(11,'Погашение должником задолженности в ходе процедур, применяемых в деле о банкротстве',NULL,NULL,'ПБ'),(12,'Погашение инвестиционного налогового кредита',NULL,NULL,'ИН'),(13,'Погашение учредителем (участником) должника, собственником имущества должника – унитарного предприятия или третьим лицом задолженности в ходе процедур, применяемых в деле о банкротстве',NULL,NULL,'ТЛ'),(14,'Погашение текущей задолженности в ходе процедур, применяемых в деле о банкротстве',NULL,NULL,'ЗТ');
/*!40000 ALTER TABLE `payment_bases` ENABLE KEYS */;
UNLOCK TABLES;

--
-- Table structure for table `payment_documents`
--

DROP TABLE IF EXISTS `payment_documents`;
/*!40101 SET @saved_cs_client     = @@character_set_client */;
/*!50503 SET character_set_client = utf8mb4 */;
CREATE TABLE `payment_documents` (
  `id` bigint unsigned NOT NULL AUTO_INCREMENT,
  `ddate` varchar(255) COLLATE utf8mb4_unicode_ci NOT NULL,
  `kbk_id` bigint unsigned NOT NULL,
  `created_at` timestamp NULL DEFAULT NULL,
  `updated_at` timestamp NULL DEFAULT NULL,
  `payer_status_id` bigint unsigned NOT NULL,
  `oktmo_id` bigint unsigned NOT NULL,
  `ifns_id` bigint unsigned NOT NULL,
  `firstname` varchar(255) COLLATE utf8mb4_unicode_ci NOT NULL,
  `surname` varchar(255) COLLATE utf8mb4_unicode_ci NOT NULL,
  `patronymic` varchar(255) COLLATE utf8mb4_unicode_ci NOT NULL,
  `inn` varchar(255) COLLATE utf8mb4_unicode_ci NOT NULL,
  `address` text COLLATE utf8mb4_unicode_ci NOT NULL,
  `amount` decimal(8,2) NOT NULL,
  `payment_basis_id` bigint unsigned NOT NULL,
  `user_id` bigint unsigned NOT NULL,
  PRIMARY KEY (`id`),
  KEY `payment_documents_kbk_id_foreign` (`kbk_id`),
  KEY `payment_documents_payer_status_id_foreign` (`payer_status_id`),
  KEY `payment_documents_oktmo_id_foreign` (`oktmo_id`),
  KEY `payment_documents_ifns_id_foreign` (`ifns_id`),
  KEY `payment_documents_payment_basis_id_foreign` (`payment_basis_id`),
  KEY `payment_documents_user_id_foreign` (`user_id`),
  CONSTRAINT `payment_documents_ifns_id_foreign` FOREIGN KEY (`ifns_id`) REFERENCES `ifns` (`id`),
  CONSTRAINT `payment_documents_kbk_id_foreign` FOREIGN KEY (`kbk_id`) REFERENCES `kbks` (`id`),
  CONSTRAINT `payment_documents_oktmo_id_foreign` FOREIGN KEY (`oktmo_id`) REFERENCES `oktmos` (`id`),
  CONSTRAINT `payment_documents_payer_status_id_foreign` FOREIGN KEY (`payer_status_id`) REFERENCES `payer_statuses` (`id`),
  CONSTRAINT `payment_documents_payment_basis_id_foreign` FOREIGN KEY (`payment_basis_id`) REFERENCES `payment_bases` (`id`),
  CONSTRAINT `payment_documents_user_id_foreign` FOREIGN KEY (`user_id`) REFERENCES `users` (`id`)
) ENGINE=InnoDB AUTO_INCREMENT=7 DEFAULT CHARSET=utf8mb4 COLLATE=utf8mb4_unicode_ci;
/*!40101 SET character_set_client = @saved_cs_client */;

--
-- Dumping data for table `payment_documents`
--

LOCK TABLES `payment_documents` WRITE;
/*!40000 ALTER TABLE `payment_documents` DISABLE KEYS */;
INSERT INTO `payment_documents` VALUES (3,'2-й квартал 2020',5144,'2020-12-23 11:07:52','2020-12-23 11:07:52',12,11,4,'Артём','Синкевич','Станиславович','56465135','вафывафыв',1000.00,2,1),(4,'25.12.2020',5133,'2020-12-23 11:33:25','2020-12-23 11:33:25',9,5,3,'Артём','Синкевич','Станиславович','48438163813','пр. Ленина 122 к. 2',100.00,4,1),(5,'25.12.2020',5153,'2020-12-24 13:31:13','2020-12-24 13:31:13',11,13,2,'Юзер','Юзеров','Юзерович','1231320','ул пушкина',200.00,11,2),(6,'Сентябрь 2020',5153,'2020-12-26 08:52:28','2020-12-26 08:52:28',9,7,1,'пфывпфывп','пыфвпфыв','фывпфывпфы','впфывпфыпф','ывпфвыпфпв',100.00,2,1);
/*!40000 ALTER TABLE `payment_documents` ENABLE KEYS */;
UNLOCK TABLES;

--
-- Table structure for table `payment_kinds`
--

DROP TABLE IF EXISTS `payment_kinds`;
/*!40101 SET @saved_cs_client     = @@character_set_client */;
/*!50503 SET character_set_client = utf8mb4 */;
CREATE TABLE `payment_kinds` (
  `id` bigint unsigned NOT NULL AUTO_INCREMENT,
  `name` varchar(255) COLLATE utf8mb4_unicode_ci NOT NULL,
  `created_at` timestamp NULL DEFAULT NULL,
  `updated_at` timestamp NULL DEFAULT NULL,
  PRIMARY KEY (`id`)
) ENGINE=InnoDB AUTO_INCREMENT=13 DEFAULT CHARSET=utf8mb4 COLLATE=utf8mb4_unicode_ci;
/*!40101 SET character_set_client = @saved_cs_client */;

--
-- Dumping data for table `payment_kinds`
--

LOCK TABLES `payment_kinds` WRITE;
/*!40000 ALTER TABLE `payment_kinds` DISABLE KEYS */;
INSERT INTO `payment_kinds` VALUES (1,'Налоги на имущество',NULL,NULL),(2,'Налоги на прибыль, доходы',NULL,NULL),(3,'Страховые взносы',NULL,NULL),(4,'Доходы от оказания платных услуг (работ) и компенсации затрат государства',NULL,NULL),(5,'Доходы от продажи материальных и нематериальных активов',NULL,NULL),(6,'Задолженность и перерасчеты по отмененным налогам, сборам и иным обязательным платежам',NULL,NULL),(7,'Налоги на совокупный доход',NULL,NULL),(8,'Налоги на товары (работы, услуги), реализуемые на территории Российской Федерации',NULL,NULL),(9,'Налоги на товары, ввозимые на территорию Российской Федерации',NULL,NULL),(10,'Налоги, сборы и регулярные платежи за пользование природными ресурсами',NULL,NULL),(11,'Платежи при пользовании природными ресурсами',NULL,NULL),(12,'Штрафы, санкции, возмещение ущерба',NULL,NULL);
/*!40000 ALTER TABLE `payment_kinds` ENABLE KEYS */;
UNLOCK TABLES;

--
-- Table structure for table `payment_name_payment_type`
--

DROP TABLE IF EXISTS `payment_name_payment_type`;
/*!40101 SET @saved_cs_client     = @@character_set_client */;
/*!50503 SET character_set_client = utf8mb4 */;
CREATE TABLE `payment_name_payment_type` (
  `id` bigint unsigned NOT NULL AUTO_INCREMENT,
  `payment_name_id` bigint unsigned NOT NULL,
  `payment_type_id` bigint unsigned NOT NULL,
  `created_at` timestamp NULL DEFAULT NULL,
  `updated_at` timestamp NULL DEFAULT NULL,
  PRIMARY KEY (`id`),
  KEY `payment_name_payment_type_payment_name_id_foreign` (`payment_name_id`),
  KEY `payment_name_payment_type_payment_type_id_foreign` (`payment_type_id`),
  CONSTRAINT `payment_name_payment_type_payment_name_id_foreign` FOREIGN KEY (`payment_name_id`) REFERENCES `payment_names` (`id`),
  CONSTRAINT `payment_name_payment_type_payment_type_id_foreign` FOREIGN KEY (`payment_type_id`) REFERENCES `payment_types` (`id`)
) ENGINE=InnoDB DEFAULT CHARSET=utf8mb4 COLLATE=utf8mb4_unicode_ci;
/*!40101 SET character_set_client = @saved_cs_client */;

--
-- Dumping data for table `payment_name_payment_type`
--

LOCK TABLES `payment_name_payment_type` WRITE;
/*!40000 ALTER TABLE `payment_name_payment_type` DISABLE KEYS */;
/*!40000 ALTER TABLE `payment_name_payment_type` ENABLE KEYS */;
UNLOCK TABLES;

--
-- Table structure for table `payment_names`
--

DROP TABLE IF EXISTS `payment_names`;
/*!40101 SET @saved_cs_client     = @@character_set_client */;
/*!50503 SET character_set_client = utf8mb4 */;
CREATE TABLE `payment_names` (
  `id` bigint unsigned NOT NULL AUTO_INCREMENT,
  `payment_kind_id` bigint unsigned NOT NULL,
  `created_at` timestamp NULL DEFAULT NULL,
  `updated_at` timestamp NULL DEFAULT NULL,
  `name` text COLLATE utf8mb4_unicode_ci NOT NULL,
  PRIMARY KEY (`id`),
  KEY `payment_names_payment_kind_id_foreign` (`payment_kind_id`),
  CONSTRAINT `payment_names_payment_kind_id_foreign` FOREIGN KEY (`payment_kind_id`) REFERENCES `payment_kinds` (`id`)
) ENGINE=InnoDB AUTO_INCREMENT=283 DEFAULT CHARSET=utf8mb4 COLLATE=utf8mb4_unicode_ci;
/*!40101 SET character_set_client = @saved_cs_client */;

--
-- Dumping data for table `payment_names`
--

LOCK TABLES `payment_names` WRITE;
/*!40000 ALTER TABLE `payment_names` DISABLE KEYS */;
INSERT INTO `payment_names` VALUES (142,1,NULL,NULL,'Земельный налог с физических лиц, обладающих земельным участком, расположенным в границах сельских поселений'),(143,1,NULL,NULL,'Налог на имущество физических лиц, взимаемый по ставкам, применяемым к объектам налогообложения, расположенным в границах сельских поселений'),(144,1,NULL,NULL,'Транспортный налог с физических лиц'),(145,2,NULL,NULL,'Налог на доходы физических лиц с доходов, источником которых является налоговый агент, за исключением доходов, в отношении которых исчисление и уплата налога осуществляются в соответствии со статьями 227, 2271 и 228 Налогового кодекса Российской Федерации'),(146,2,NULL,NULL,'Налог на доходы физических лиц с доходов, полученных от осуществления деятельности физическими лицами, зарегистрированными в качестве индивидуальных предпринимателей, нотариусов, занимающихся частной практикой, адвокатов, учредивших адвокатские кабинеты и других лиц, занимающихся частной практикой в соответствии со статьей 227 Налогового кодекса Российской Федерации'),(147,3,NULL,NULL,'Страховые взносы на обязательное медицинское страхование работающего населения в фиксированном размере, зачисляемые в бюджет Федерального фонда обязательного медицинского страхования'),(148,3,NULL,NULL,'Страховые взносы на обязательное медицинское страхование работающего населения, зачисляемые в бюджет Федерального фонда обязательного медицинского страхования'),(149,3,NULL,NULL,'Страховые взносы на обязательное пенсионное страхование в Российской Федерации, зачисляемые в Пенсионный фонд Российской Федерации на выплату накопительной пенсии'),(150,3,NULL,NULL,'Страховые взносы на обязательное пенсионное страхование в Российской Федерации, зачисляемые в Пенсионный фонд Российской Федерации на выплату накопительной пенсии (за расчетные периоды с 2002 года по 2009 год включительно)'),(151,3,NULL,NULL,'Страховые взносы на обязательное пенсионное страхование в Российской Федерации, зачисляемые в Пенсионный фонд Российской Федерации на выплату страховой пенсии'),(152,3,NULL,NULL,'Страховые взносы на обязательное пенсионное страхование в Российской Федерации, зачисляемые в Пенсионный фонд Российской Федерации на выплату страховой пенсии (за расчетные периоды с 2002 года по 2009 год включительно)'),(153,3,NULL,NULL,'Страховые взносы на обязательное пенсионное страхование в размере, определяемом исходя из стоимости страхового года, зачисляемые в Пенсионный фонд Российской Федерации на выплату накопительной пенсии (за расчетные периоды, истекшие до 1 января 2013 года)'),(154,3,NULL,NULL,'Страховые взносы на обязательное пенсионное страхование в фиксированном размере, зачисляемые в бюджет Пенсионного фонда Российской Федерации на выплату накопительной пенсии'),(155,3,NULL,NULL,'Страховые взносы на обязательное пенсионное страхование в фиксированном размере, зачисляемые в бюджет Пенсионного фонда Российской Федерации на выплату страховой пенсии'),(156,3,NULL,NULL,'Страховые взносы на обязательное социальное страхование на случай временной нетрудоспособности и в связи с материнством'),(157,4,NULL,NULL,'Плата за предоставление информации, содержащейся в государственном информационном ресурсе бухгалтерской (финансовой) отчетности'),(158,4,NULL,NULL,'Прочие доходы от компенсации затрат федерального бюджета'),(159,5,NULL,NULL,'Доходы от реализации имущества, находящегося в оперативном управлении федеральных учреждений (за исключением имущества федеральных бюджетных и автономных учреждений), в части реализации материальных запасов по указанному имуществу'),(160,5,NULL,NULL,'Доходы от реализации имущества, находящегося в оперативном управлении федеральных учреждений (за исключением имущества федеральных бюджетных и автономных учреждений), в части реализации основных средств по указанному имуществу'),(161,6,NULL,NULL,'Арендная плата за пользование лесным фондом и лесами иных категорий в части минимальных ставок платы за древесину, отпускаемую на корню (по обязательствам, возникшим до 1 января 2005 года)'),(162,6,NULL,NULL,'Задолженность по налогам, сборам и иным обязательным платежам, образовавшаяся у налогоплательщиков после даты перерегистрации в соответствии с законодательством Российской Федерации, зачисляемая в бюджет Республики Крым'),(163,6,NULL,NULL,'Задолженность по налогам, сборам и иным обязательным платежам, образовавшаяся у налогоплательщиков после даты перерегистрации в соответствии с законодательством Российской Федерации, зачисляемая в бюджет города федерального значения Севастополя'),(164,6,NULL,NULL,'Земельный налог (по обязательствам, возникшим до 1 января 2006 года), мобилизуемый на территориях сельских поселений'),(165,6,NULL,NULL,'Курортный сбор, мобилизуемый на территориях городских округов'),(166,6,NULL,NULL,'Курортный сбор, мобилизуемый на территориях муниципальных районов'),(167,6,NULL,NULL,'Лесные подати в части минимальных ставок платы за древесину, отпускаемую на корню (по обязательствам, возникшим до 1 января 2005 года)'),(168,6,NULL,NULL,'Налог на покупку иностранных денежных знаков и платежных документов, выраженных в иностранной валюте'),(169,6,NULL,NULL,'Налог с владельцев транспортных средств и налог на приобретение автотранспортных средств'),(170,6,NULL,NULL,'Налог с имущества, переходящего в порядке наследования или дарения'),(171,6,NULL,NULL,'Страховые взносы в виде фиксированного платежа, зачисляемые в бюджет Пенсионного фонда Российской Федерации на выплату накопительной пенсии (по расчетным периодам, истекшим до 1 января 2010 года)'),(172,6,NULL,NULL,'Страховые взносы в виде фиксированного платежа, зачисляемые в бюджет Пенсионного фонда Российской Федерации на выплату страховой пенсии (по расчетным периодам, истекшим до 1 января 2010 года)'),(173,6,NULL,NULL,'Целевые сборы с граждан и предприятий, учреждений, организаций на содержание милиции, на благоустройство территорий, на нужды образования и другие цели, мобилизуемые на территориях внутригородских муниципальных образований городов федерального значения'),(174,6,NULL,NULL,'Целевые сборы с граждан и предприятий, учреждений, организаций на содержание милиции, на благоустройство территорий, на нужды образования и другие цели, мобилизуемые на территориях городских округов'),(175,6,NULL,NULL,'Целевые сборы с граждан и предприятий, учреждений, организаций на содержание милиции, на благоустройство территорий, на нужды образования и другие цели, мобилизуемые на территориях городских округов с внутригородским делением'),(176,6,NULL,NULL,'Целевые сборы с граждан и предприятий, учреждений, организаций на содержание милиции, на благоустройство территорий, на нужды образования и другие цели, мобилизуемые на территориях муниципальных районов'),(177,7,NULL,NULL,'Единый налог на вмененный доход для отдельных видов деятельности'),(178,7,NULL,NULL,'Единый налог на вмененный доход для отдельных видов деятельности (за налоговые периоды, истекшие до 1 января 2011 года)'),(179,7,NULL,NULL,'Единый сельскохозяйственный налог'),(180,7,NULL,NULL,'Единый сельскохозяйственный налог (за налоговые периоды, истекшие до 1 января 2011 года)'),(181,7,NULL,NULL,'Минимальный налог, зачисляемый в бюджеты государственных внебюджетных фондов (уплаченный (взысканный) за налоговые периоды, истекшие до 1 января 2011 года)'),(182,7,NULL,NULL,'Минимальный налог, зачисляемый в бюджеты субъектов Российской Федерации (за налоговые периоды, истекшие до 1 января 2016 года)'),(183,7,NULL,NULL,'Налог на профессиональный доход'),(184,7,NULL,NULL,'Налог, взимаемый в связи с применением патентной системы налогообложения, зачисляемый в бюджеты внутригородских районов'),(185,7,NULL,NULL,'Налог, взимаемый в связи с применением патентной системы налогообложения, зачисляемый в бюджеты городов федерального значения'),(186,7,NULL,NULL,'Налог, взимаемый в связи с применением патентной системы налогообложения, зачисляемый в бюджеты городских округов'),(187,7,NULL,NULL,'Налог, взимаемый в связи с применением патентной системы налогообложения, зачисляемый в бюджеты городского округа с внутригородским делением'),(188,7,NULL,NULL,'Налог, взимаемый в связи с применением патентной системы налогообложения, зачисляемый в бюджеты муниципальных районов'),(189,7,NULL,NULL,'Налог, взимаемый с налогоплательщиков, выбравших в качестве объекта налогообложения доходы'),(190,7,NULL,NULL,'Налог, взимаемый с налогоплательщиков, выбравших в качестве объекта налогообложения доходы (за налоговые периоды, истекшие до 1 января 2011 года)'),(191,7,NULL,NULL,'Налог, взимаемый с налогоплательщиков, выбравших в качестве объекта налогообложения доходы, уменьшенные на величину расходов (в том числе минимальный налог, зачисляемый в бюджеты субъектов Российской Федерации)'),(192,7,NULL,NULL,'Налог, взимаемый с налогоплательщиков, выбравших в качестве объекта налогообложения доходы, уменьшенные на величину расходов (за налоговые периоды, истекшие до 1 января 2011 года)'),(193,7,NULL,NULL,'Торговый сбор, уплачиваемый на территориях городов федерального значения'),(194,8,NULL,NULL,'Акцизы на авиационный керосин, производимый на территории Российской Федерации'),(195,8,NULL,NULL,'Акцизы на автомобили легковые и мотоциклы, производимые на территории Российской Федерации'),(196,8,NULL,NULL,'Акцизы на автомобильный бензин, производимый на территории Российской Федерации'),(197,8,NULL,NULL,'Акцизы на алкогольную продукцию с объемной долей этилового спирта до 9 процентов включительно (за исключением пива, вин, фруктовых вин, игристых вин (шампанских), винных напитков, изготавливаемых без добавления ректификованного этилового спирта, произведенного из пищевого сырья, и (или) спиртованных виноградного или иного фруктового сусла, и (или) винного дистиллята, и (или) фруктового дистиллята), производимую на территории Российской Федерации'),(198,8,NULL,NULL,'Акцизы на алкогольную продукцию с объемной долей этилового спирта свыше 9 процентов (за исключением вин, игристых вин (шампанских)), производимую на территории Российской Федерации из подакцизного винограда'),(199,8,NULL,NULL,'Акцизы на алкогольную продукцию с объемной долей этилового спирта свыше 9 процентов (за исключением пива, вин, фруктовых вин, игристых вин (шампанских), винных напитков, изготавливаемых без добавления ректификованного этилового спирта, произведенного из пищевого сырья, и (или) спиртованных виноградного или иного фруктового сусла, и (или) винного дистиллята, и (или) фруктового дистиллята), производимую на территории Российской Федерации, кроме производимой из подакцизного винограда'),(200,8,NULL,NULL,'Акцизы на бензол, параксилол, ортоксилол производимые на территории Российской Федерации'),(201,8,NULL,NULL,'Акцизы на вина с защищенным географическим указанием, с защищенным наименованием места происхождения, за исключением игристых вин (шампанских), производимые на территории Российской Федерации'),(202,8,NULL,NULL,'Акцизы на вина, игристые вина (шампанские), производимые на территории Российской Федерации из подакцизного винограда'),(203,8,NULL,NULL,'Акцизы на вина, фруктовые вина, игристые вина (шампанские), винные напитки, изготавливаемые без добавления ректификованного этилового спирта, произведенного из пищевого сырья, и (или) спиртованных виноградного или иного фруктового сусла, и (или) винного дистиллята, и (или) фруктового дистиллята, производимые на территории Российской Федерации'),(204,8,NULL,NULL,'Акцизы на виноматериалы, виноградное сусло, производимые на территории Российской Федерации из подакцизного винограда'),(205,8,NULL,NULL,'Акцизы на виноматериалы, виноградное сусло, фруктовое сусло, производимые на территории Российской Федерации, кроме производимых из подакцизного винограда'),(206,8,NULL,NULL,'Акцизы на дизельное топливо, производимое на территории Российской Федерации'),(207,8,NULL,NULL,'Акцизы на игристые вина (шампанские) с защищенным географическим указанием, с защищенным наименованием места происхождения, производимые на территории Российской Федерации'),(208,8,NULL,NULL,'Акцизы на моторные масла для дизельных и (или) карбюраторных (инжекторных) двигателей, производимые на территории Российской Федерации'),(209,8,NULL,NULL,'Акцизы на никотинсодержащие жидкости, производимые на территории Российской Федерации'),(210,8,NULL,NULL,'Акцизы на пиво, производимое на территории Российской Федерации'),(211,8,NULL,NULL,'Акцизы на природный газ, предусмотренные международными договорами Российской Федерации'),(212,8,NULL,NULL,'Акцизы на прямогонный бензин, производимый на территории Российской Федерации'),(213,8,NULL,NULL,'Акцизы на сидр, пуаре, медовуху, производимые на территории Российской Федерации'),(214,8,NULL,NULL,'Акцизы на спиртосодержащую продукцию, производимую на территории Российской Федерации'),(215,8,NULL,NULL,'Акцизы на средние дистилляты, производимые на территории Российской Федерации'),(216,8,NULL,NULL,'Акцизы на табак (табачные изделия), предназначенный для потребления путем нагревания, производимый на территории Российской Федерации'),(217,8,NULL,NULL,'Акцизы на табачную продукцию, производимую на территории Российской Федерации'),(218,8,NULL,NULL,'Акцизы на устройства для нагревания табака, производимые на территории Российской Федерации'),(219,8,NULL,NULL,'Акцизы на электронные системы доставки никотина, производимые на территории Российской Федерации'),(220,8,NULL,NULL,'Акцизы на этиловый спирт из непищевого сырья, производимый на территории Российской Федерации'),(221,8,NULL,NULL,'Акцизы на этиловый спирт из пищевого сырья (дистилляты винный, виноградный, плодовый, коньячный, кальвадосный, висковый), производимый на территории Российской Федерации'),(222,8,NULL,NULL,'Акцизы на этиловый спирт из пищевого сырья (за исключением дистиллятов винного, виноградного, плодового, коньячного, кальвадосного, вискового), производимый на территории Российской Федерации'),(223,8,NULL,NULL,'Налог на добавленную стоимость на товары (работы, услуги), реализуемые на территории Российской Федерации'),(224,9,NULL,NULL,'Акцизы на автомобили легковые и мотоциклы, ввозимые на территорию Российской Федерации'),(225,9,NULL,NULL,'Акцизы на автомобильный бензин, ввозимый на территорию Российской Федерации'),(226,9,NULL,NULL,'Акцизы на виноматериалы, виноградное сусло, фруктовое сусло, ввозимые на территорию Российской Федерации'),(227,9,NULL,NULL,'Акцизы на дизельное топливо, ввозимое на территорию Российской Федерации'),(228,9,NULL,NULL,'Акцизы на моторные масла для дизельных и (или) карбюраторных (инжекторных) двигателей, ввозимые на территорию Российской Федерации'),(229,9,NULL,NULL,'Акцизы на никотинсодержащие жидкости, ввозимые на территорию Российской Федерации'),(230,9,NULL,NULL,'Акцизы на пиво, ввозимое на территорию Российской Федерации'),(231,9,NULL,NULL,'Акцизы на прямогонный бензин, ввозимый на территорию Российской Федерации'),(232,9,NULL,NULL,'Акцизы на сидр, пуаре, медовуху, ввозимые на территорию Российской Федерации'),(233,9,NULL,NULL,'Акцизы на спиртосодержащую продукцию, ввозимую на территорию Российской Федерации'),(234,9,NULL,NULL,'Акцизы на средние дистилляты, ввозимые на территорию Российской Федерации'),(235,9,NULL,NULL,'Акцизы на табак (табачные изделия), предназначенный для потребления путем нагревания, ввозимый на территорию Российской Федерации'),(236,9,NULL,NULL,'Акцизы на табачную продукцию, ввозимую на территорию Российской Федерации'),(237,9,NULL,NULL,'Акцизы на устройства для нагревания табака, ввозимые на территорию Российской Федерации'),(238,9,NULL,NULL,'Акцизы на электронные системы доставки никотина, ввозимые на территорию Российской Федерации'),(239,9,NULL,NULL,'Акцизы на этиловый спирт из непищевого сырья, ввозимый на территорию Российской Федерации'),(240,9,NULL,NULL,'Акцизы на этиловый спирт из пищевого сырья (дистилляты винный, виноградный, плодовый, коньячный, кальвадосный, висковый), ввозимый на территорию Российской Федерации'),(241,9,NULL,NULL,'Акцизы на этиловый спирт из пищевого сырья (за исключением дистиллятов винного, виноградного, плодового, коньячного, кальвадосного, вискового), ввозимый на территорию Российской Федерации'),(242,9,NULL,NULL,'Налог на добавленную стоимость на товары, ввозимые на территорию Российской Федерации'),(243,10,NULL,NULL,'Водный налог'),(244,10,NULL,NULL,'Газ горючий природный из всех видов месторождений углеводородного сырья'),(245,10,NULL,NULL,'Газовый конденсат из всех видов месторождений углеводородного сырья'),(246,10,NULL,NULL,'Налог на добычу общераспространенных полезных ископаемых'),(247,10,NULL,NULL,'Налог на добычу полезных ископаемых в виде природных алмазов'),(248,10,NULL,NULL,'Налог на добычу полезных ископаемых в виде угля'),(249,10,NULL,NULL,'Налог на добычу полезных ископаемых на континентальном шельфе Российской Федерации, в исключительной экономической зоне Российской Федерации, при добыче полезных ископаемых из недр за пределами территории Российской Федерации'),(250,10,NULL,NULL,'Налог на добычу полезных ископаемых, уплаченный участниками Особой экономической зоны в Магаданской области, в отношении полезных ископаемых (за исключением полезных ископаемых в виде углеводородного сырья, природных алмазов и общераспространенных полезных ископаемых), добытых на участках недр, расположенных полностью или частично на территории Магаданской области'),(251,10,NULL,NULL,'Налог на добычу прочих полезных ископаемых (за исключением полезных ископаемых в виде природных алмазов)'),(252,10,NULL,NULL,'Регулярные платежи за добычу полезных ископаемых (роялти) на континентальном шельфе Российской Федерации, в исключительной экономической зоне Российской Федерации, за пределами территории Российской Федерации при выполнении соглашений о разделе продукции'),(253,10,NULL,NULL,'Регулярные платежи за добычу полезных ископаемых (роялти) при выполнении соглашений о разделе продукции в виде углеводородного сырья (газ горючий природный)'),(254,10,NULL,NULL,'Регулярные платежи за добычу полезных ископаемых (роялти) при выполнении соглашений о разделе продукции в виде углеводородного сырья, за исключением газа горючего природного'),(255,10,NULL,NULL,'Сбор за пользование объектами водных биологических ресурсов (исключая внутренние водные объекты)'),(256,10,NULL,NULL,'Сбор за пользование объектами водных биологических ресурсов (по внутренним водным объектам)'),(257,11,NULL,NULL,'Сбор за пользование объектами животного мира'),(258,11,NULL,NULL,'Регулярные платежи за пользование недрами при пользовании недрами на территории Российской Федерации'),(259,11,NULL,NULL,'Регулярные платежи за пользование недрами с пользователей недр, осуществляющих поиск и разведку месторождений на континентальном шельфе и в исключительной экономической зоне Российской Федерации, а также за пределами Российской Федерации на территориях, находящихся под юрисдикцией Российской Федерации'),(260,11,NULL,NULL,'Утилизационный сбор'),(261,12,NULL,NULL,'Административные штрафы, установленные Главой 14 Кодекса Российской Федерации об административных правонарушениях, за административные правонарушения в области предпринимательской деятельности и деятельности саморегулируемых организаций, налагаемые судьями федеральных судов, должностными лицами федеральных государственных органов, учреждений, Центрального банка Российской Федерации'),(262,12,NULL,NULL,'Административные штрафы, установленные Главой 15 Кодекса Российской Федерации об административных правонарушениях, за административные правонарушения в области финансов, налогов и сборов, страхования, рынка ценных бумаг (за исключением штрафов, указанных в пункте 6 статьи 46 Бюджетного кодекса Российской Федерации),  налагаемые судьями федеральных судов, должностными лицами федеральных государственных органов, учреждений, Центрального банка Российской Федерации'),(263,12,NULL,NULL,'Административные штрафы, установленные Главой 18 Кодекса Российской Федерации об административных правонарушениях, за административные правонарушения в области защиты государственной границы Российской Федерации и обеспечения режима пребывания иностранных граждан или лиц без гражданства на территории Российской Федерации, налагаемые судьями федеральных судов, должностными лицами федеральных государственных органов, учреждений, Центрального банка Российской Федерации'),(264,12,NULL,NULL,'Административные штрафы, установленные Главой 19 Кодекса Российской Федерации об административных правонарушениях, за административные правонарушения против порядка управления, налагаемые судьями федеральных судов, должностными лицами федеральных государственных органов, учреждений, Центрального банка Российской Федерации'),(265,12,NULL,NULL,'Возмещение ущерба при возникновении страховых случаев, когда выгодоприобретателями выступают получатели средств федерального бюджета'),(266,12,NULL,NULL,'Денежная сумма, эквивалентная размеру совершенного деяния, предусмотренного соответствующей статьей Особенной части Уголовного кодекса Российской Федерации, и денежное возмещение в двукратном размере этой суммы, перечисляемые в федеральный бюджет лицом, впервые совершившим преступление, для освобождения от уголовной ответственности'),(267,12,NULL,NULL,'Денежная сумма, эквивалентная размеру убытков, которых удалось избежать в результате совершения преступления, и денежное возмещение в размере двукратной суммы убытков, которых удалось избежать в результате совершения преступления, перечисляемые в федеральный бюджет лицом, впервые совершившим преступление, для освобождения от уголовной ответственности'),(268,12,NULL,NULL,'Денежное возмещение в размере двукратной суммы причиненного ущерба, перечисляемое в федеральный бюджет лицом, впервые совершившим преступление, для освобождения от уголовной ответственности'),(269,12,NULL,NULL,'Денежные средства, обращенные в собственность государства на основании обвинительных приговоров судов, подлежащие зачислению в федеральный бюджет'),(270,12,NULL,NULL,'Доход, полученный в результате совершения преступления, и денежное возмещение в размере двукратной суммы дохода, полученного в результате совершения преступления, перечисляемые в федеральный бюджет лицом, впервые совершившим преступление, для освобождения от уголовной ответственности'),(271,12,NULL,NULL,'Доходы от денежных взысканий (штрафов), поступающие в счет погашения задолженности, образовавшейся до 1 января 2020 года, подлежащие зачислению в бюджет муниципального образования по нормативам, действовавшим в 2019 году'),(272,12,NULL,NULL,'Доходы от денежных взысканий (штрафов), поступающие в счет погашения задолженности, образовавшейся до 1 января 2020 года, подлежащие зачислению в бюджет субъекта Российской Федерации по нормативам, действовавшим в 2019 году'),(273,12,NULL,NULL,'Доходы от денежных взысканий (штрафов), поступающие в счет погашения задолженности, образовавшейся до 1 января 2020 года, подлежащие зачислению в федеральный бюджет и бюджет муниципального образования по нормативам, действовавшим в 2019 году'),(274,12,NULL,NULL,'Доходы от денежных взысканий (штрафов), поступающие в счет погашения задолженности, образовавшейся до 1 января 2020 года, подлежащие зачислению в федеральный бюджет по нормативам, действовавшим в 2019 году'),(275,12,NULL,NULL,'Иные штрафы, неустойки, пени, уплаченные в соответствии с законом или договором в случае неисполнения или ненадлежащего исполнения обязательств перед федеральным государственным органом, федеральным казенным учреждением, Центральным банком Российской Федерации, государственной корпорацией'),(276,12,NULL,NULL,'Платежи в целях возмещения убытков, причиненных уклонением от заключения с федеральным государственным органом (федеральным казенным учреждением, государственной корпорацией) государственного контракта, а также иные денежные средства, подлежащие зачислению в федеральный бюджет за нарушение законодательства Российской Федерации о контрактной системе в сфере закупок товаров, работ, услуг для обеспечения государственных и муниципальных нужд (за исключением государственного контракта, финансируемого за счет средств Федерального дорожного фонда)'),(277,12,NULL,NULL,'Платежи в целях возмещения ущерба при расторжении государственного контракта, заключенного с федеральным государственным органом (федеральным казенным учреждением, государственной корпорацией), в связи с односторонним отказом исполнителя (подрядчика) от его исполнения (за исключением государственного контракта, финансируемого за счет средств Федерального дорожного фонда)'),(278,12,NULL,NULL,'Прочее возмещение ущерба, причиненного федеральному имуществу (за исключением имущества, закрепленного за федеральными бюджетными (автономными) учреждениями, унитарными предприятиями)'),(279,12,NULL,NULL,'Штрафы за налоговые правонарушения, установленные Главой 16 Налогового кодекса Российской Федерации'),(280,12,NULL,NULL,'Штрафы за нарушения банком обязанностей, установленных Главой 18 Налогового кодекса Российской Федерации'),(281,12,NULL,NULL,'Штрафы, неустойки, пени, уплаченные в случае просрочки исполнения поставщиком (подрядчиком, исполнителем) обязательств, предусмотренных государственным контрактом, заключенным федеральным государственным органом, федеральным казенным учреждением, государственной корпорацией'),(282,12,NULL,NULL,'Штрафы, установленные Главой 22 Уголовного кодекса Российской Федерации, за преступления в сфере экономической деятельности');
/*!40000 ALTER TABLE `payment_names` ENABLE KEYS */;
UNLOCK TABLES;

--
-- Table structure for table `payment_types`
--

DROP TABLE IF EXISTS `payment_types`;
/*!40101 SET @saved_cs_client     = @@character_set_client */;
/*!50503 SET character_set_client = utf8mb4 */;
CREATE TABLE `payment_types` (
  `id` bigint unsigned NOT NULL AUTO_INCREMENT,
  `name` varchar(255) COLLATE utf8mb4_unicode_ci NOT NULL,
  `created_at` timestamp NULL DEFAULT NULL,
  `updated_at` timestamp NULL DEFAULT NULL,
  PRIMARY KEY (`id`)
) ENGINE=InnoDB AUTO_INCREMENT=5 DEFAULT CHARSET=utf8mb4 COLLATE=utf8mb4_unicode_ci;
/*!40101 SET character_set_client = @saved_cs_client */;

--
-- Dumping data for table `payment_types`
--

LOCK TABLES `payment_types` WRITE;
/*!40000 ALTER TABLE `payment_types` DISABLE KEYS */;
INSERT INTO `payment_types` VALUES (1,'Платеж',NULL,NULL),(2,'Пени по соответствующему платежу',NULL,NULL),(3,'Проценты по соответствующему платежу',NULL,NULL),(4,'Суммы денежных взысканий (штрафов) по соответствующему платежу',NULL,NULL);
/*!40000 ALTER TABLE `payment_types` ENABLE KEYS */;
UNLOCK TABLES;

--
-- Table structure for table `period_items`
--

DROP TABLE IF EXISTS `period_items`;
/*!40101 SET @saved_cs_client     = @@character_set_client */;
/*!50503 SET character_set_client = utf8mb4 */;
CREATE TABLE `period_items` (
  `id` bigint unsigned NOT NULL AUTO_INCREMENT,
  `name` varchar(255) COLLATE utf8mb4_unicode_ci NOT NULL,
  `period_id` bigint unsigned NOT NULL,
  `created_at` timestamp NULL DEFAULT NULL,
  `updated_at` timestamp NULL DEFAULT NULL,
  PRIMARY KEY (`id`),
  KEY `period_items_period_id_foreign` (`period_id`),
  CONSTRAINT `period_items_period_id_foreign` FOREIGN KEY (`period_id`) REFERENCES `periods` (`id`)
) ENGINE=InnoDB AUTO_INCREMENT=19 DEFAULT CHARSET=utf8mb4 COLLATE=utf8mb4_unicode_ci;
/*!40101 SET character_set_client = @saved_cs_client */;

--
-- Dumping data for table `period_items`
--

LOCK TABLES `period_items` WRITE;
/*!40000 ALTER TABLE `period_items` DISABLE KEYS */;
INSERT INTO `period_items` VALUES (1,'Январь',2,NULL,NULL),(2,'Февраль',2,NULL,NULL),(3,'Март',2,NULL,NULL),(4,'Апрель',2,NULL,NULL),(5,'Май',2,NULL,NULL),(6,'Июнь',2,NULL,NULL),(7,'Июль',2,NULL,NULL),(8,'Август',2,NULL,NULL),(9,'Сентябрь',2,NULL,NULL),(10,'Октябрь',2,NULL,NULL),(11,'Ноябрь',2,NULL,NULL),(12,'Декабрь',2,NULL,NULL),(13,'1-й квартал',3,NULL,NULL),(14,'2-й квартал',3,NULL,NULL),(15,'3-й квартал',3,NULL,NULL),(16,'4-й квартал',3,NULL,NULL),(17,'1-е полугодие',4,NULL,NULL),(18,'2-е полугодие',4,NULL,NULL);
/*!40000 ALTER TABLE `period_items` ENABLE KEYS */;
UNLOCK TABLES;

--
-- Table structure for table `periods`
--

DROP TABLE IF EXISTS `periods`;
/*!40101 SET @saved_cs_client     = @@character_set_client */;
/*!50503 SET character_set_client = utf8mb4 */;
CREATE TABLE `periods` (
  `id` bigint unsigned NOT NULL AUTO_INCREMENT,
  `name` varchar(255) COLLATE utf8mb4_unicode_ci NOT NULL,
  `data_kind_id` bigint unsigned NOT NULL,
  `created_at` timestamp NULL DEFAULT NULL,
  `updated_at` timestamp NULL DEFAULT NULL,
  PRIMARY KEY (`id`),
  KEY `periods_data_kind_id_foreign` (`data_kind_id`),
  CONSTRAINT `periods_data_kind_id_foreign` FOREIGN KEY (`data_kind_id`) REFERENCES `data_kinds` (`id`)
) ENGINE=InnoDB AUTO_INCREMENT=6 DEFAULT CHARSET=utf8mb4 COLLATE=utf8mb4_unicode_ci;
/*!40101 SET character_set_client = @saved_cs_client */;

--
-- Dumping data for table `periods`
--

LOCK TABLES `periods` WRITE;
/*!40000 ALTER TABLE `periods` DISABLE KEYS */;
INSERT INTO `periods` VALUES (1,'Конкретная дата',1,NULL,NULL),(2,'Месячные платежи',1,NULL,NULL),(3,'Квартальные платежи',1,NULL,NULL),(4,'Полугодовые платежи',1,NULL,NULL),(5,'Годовые платежи',1,NULL,NULL);
/*!40000 ALTER TABLE `periods` ENABLE KEYS */;
UNLOCK TABLES;

--
-- Table structure for table `recipients`
--

DROP TABLE IF EXISTS `recipients`;
/*!40101 SET @saved_cs_client     = @@character_set_client */;
/*!50503 SET character_set_client = utf8mb4 */;
CREATE TABLE `recipients` (
  `id` bigint unsigned NOT NULL AUTO_INCREMENT,
  `name` varchar(255) COLLATE utf8mb4_unicode_ci NOT NULL,
  `inn` varchar(255) COLLATE utf8mb4_unicode_ci NOT NULL,
  `kpp` varchar(255) COLLATE utf8mb4_unicode_ci NOT NULL,
  `account_number` varchar(255) COLLATE utf8mb4_unicode_ci NOT NULL,
  `bank_id` bigint unsigned NOT NULL,
  `created_at` timestamp NULL DEFAULT NULL,
  `updated_at` timestamp NULL DEFAULT NULL,
  PRIMARY KEY (`id`),
  KEY `recipients_bank_id_foreign` (`bank_id`),
  CONSTRAINT `recipients_bank_id_foreign` FOREIGN KEY (`bank_id`) REFERENCES `banks` (`id`)
) ENGINE=InnoDB AUTO_INCREMENT=3 DEFAULT CHARSET=utf8mb4 COLLATE=utf8mb4_unicode_ci;
/*!40101 SET character_set_client = @saved_cs_client */;

--
-- Dumping data for table `recipients`
--

LOCK TABLES `recipients` WRITE;
/*!40000 ALTER TABLE `recipients` DISABLE KEYS */;
INSERT INTO `recipients` VALUES (1,'Управление Федерального казначейства по Челябинской области','7453140506','745301001','40101810400000010801',74,NULL,NULL);
/*!40000 ALTER TABLE `recipients` ENABLE KEYS */;
UNLOCK TABLES;

--
-- Table structure for table `roles`
--

DROP TABLE IF EXISTS `roles`;
/*!40101 SET @saved_cs_client     = @@character_set_client */;
/*!50503 SET character_set_client = utf8mb4 */;
CREATE TABLE `roles` (
  `id` bigint unsigned NOT NULL AUTO_INCREMENT,
  `name` varchar(255) COLLATE utf8mb4_unicode_ci NOT NULL,
  `created_at` timestamp NULL DEFAULT NULL,
  `updated_at` timestamp NULL DEFAULT NULL,
  PRIMARY KEY (`id`)
) ENGINE=InnoDB AUTO_INCREMENT=4 DEFAULT CHARSET=utf8mb4 COLLATE=utf8mb4_unicode_ci;
/*!40101 SET character_set_client = @saved_cs_client */;

--
-- Dumping data for table `roles`
--

LOCK TABLES `roles` WRITE;
/*!40000 ALTER TABLE `roles` DISABLE KEYS */;
INSERT INTO `roles` VALUES (1,'admin',NULL,NULL),(2,'worker',NULL,NULL),(3,'client',NULL,NULL);
/*!40000 ALTER TABLE `roles` ENABLE KEYS */;
UNLOCK TABLES;

--
-- Table structure for table `subjects`
--

DROP TABLE IF EXISTS `subjects`;
/*!40101 SET @saved_cs_client     = @@character_set_client */;
/*!50503 SET character_set_client = utf8mb4 */;
CREATE TABLE `subjects` (
  `id` bigint unsigned NOT NULL AUTO_INCREMENT,
  `code` varchar(255) COLLATE utf8mb4_unicode_ci NOT NULL,
  `name` varchar(255) COLLATE utf8mb4_unicode_ci NOT NULL,
  `created_at` timestamp NULL DEFAULT NULL,
  `updated_at` timestamp NULL DEFAULT NULL,
  PRIMARY KEY (`id`)
) ENGINE=InnoDB AUTO_INCREMENT=86 DEFAULT CHARSET=utf8mb4 COLLATE=utf8mb4_unicode_ci;
/*!40101 SET character_set_client = @saved_cs_client */;

--
-- Dumping data for table `subjects`
--

LOCK TABLES `subjects` WRITE;
/*!40000 ALTER TABLE `subjects` DISABLE KEYS */;
INSERT INTO `subjects` VALUES (1,'01','Республика Адыгея (Адыгея)',NULL,NULL),(2,'02','Республика Башкортостан',NULL,NULL),(3,'03','Республика Бурятия',NULL,NULL),(4,'04','Республика Алтай',NULL,NULL),(5,'05','Республика Дагестан',NULL,NULL),(6,'06','Республика Ингушетия',NULL,NULL),(7,'07','Кабардино-Балкарская Республика',NULL,NULL),(8,'08','Республика Калмыкия',NULL,NULL),(9,'09','Карачаево-Черкесская Республика',NULL,NULL),(10,'10','Республика Карелия',NULL,NULL),(11,'11','Республика Коми',NULL,NULL),(12,'12','Республика Марий Эл',NULL,NULL),(13,'13','Республика Мордовия',NULL,NULL),(14,'14','Республика Саха (Якутия)',NULL,NULL),(15,'15','Республика Северная Осетия - Алания',NULL,NULL),(16,'16','Республика Татарстан (Татарстан)',NULL,NULL),(17,'17','Республика Тыва',NULL,NULL),(18,'18','Удмуртская Республика',NULL,NULL),(19,'19','Республика Хакасия',NULL,NULL),(20,'20','Чеченская Республика',NULL,NULL),(21,'21','Чувашская Республика - Чувашия',NULL,NULL),(22,'22','Алтайский край',NULL,NULL),(23,'23','Краснодарский край',NULL,NULL),(24,'24','Красноярский край',NULL,NULL),(25,'25','Приморский край',NULL,NULL),(26,'26','Ставропольский край',NULL,NULL),(27,'27','Хабаровский край',NULL,NULL),(28,'28','Амурская область',NULL,NULL),(29,'29','Архангельская область',NULL,NULL),(30,'30','Астраханская область',NULL,NULL),(31,'31','Белгородская область',NULL,NULL),(32,'32','Брянская область',NULL,NULL),(33,'33','Владимирская область',NULL,NULL),(34,'34','Волгоградская область',NULL,NULL),(35,'35','Вологодская область',NULL,NULL),(36,'36','Воронежская область',NULL,NULL),(37,'37','Ивановская область',NULL,NULL),(38,'38','Иркутская область',NULL,NULL),(39,'39','Калининградская область',NULL,NULL),(40,'40','Калужская область',NULL,NULL),(41,'41','Камчатский край',NULL,NULL),(42,'42','Кемеровская область - Кузбасс',NULL,NULL),(43,'43','Кировская область',NULL,NULL),(44,'44','Костромская область',NULL,NULL),(45,'45','Курганская область',NULL,NULL),(46,'46','Курская область',NULL,NULL),(47,'47','Ленинградская область',NULL,NULL),(48,'48','Липецкая область',NULL,NULL),(49,'49','Магаданская область',NULL,NULL),(50,'50','Московская область',NULL,NULL),(51,'51','Мурманская область',NULL,NULL),(52,'52','Нижегородская область',NULL,NULL),(53,'53','Новгородская область',NULL,NULL),(54,'54','Новосибирская область',NULL,NULL),(55,'55','Омская область',NULL,NULL),(56,'56','Оренбургская область',NULL,NULL),(57,'57','Орловская область',NULL,NULL),(58,'58','Пензенская область',NULL,NULL),(59,'59','Пермский край',NULL,NULL),(60,'60','Псковская область',NULL,NULL),(61,'61','Ростовская область',NULL,NULL),(62,'62','Рязанская область',NULL,NULL),(63,'63','Самарская область',NULL,NULL),(64,'64','Саратовская область',NULL,NULL),(65,'65','Сахалинская область',NULL,NULL),(66,'66','Свердловская область',NULL,NULL),(67,'67','Смоленская область',NULL,NULL),(68,'68','Тамбовская область',NULL,NULL),(69,'69','Тверская область',NULL,NULL),(70,'70','Томская область',NULL,NULL),(71,'71','Тульская область',NULL,NULL),(72,'72','Тюменская область',NULL,NULL),(73,'73','Ульяновская область',NULL,NULL),(74,'74','Челябинская область',NULL,NULL),(75,'75','Забайкальский край',NULL,NULL),(76,'76','Ярославская область',NULL,NULL),(77,'77','Г.Москва',NULL,NULL),(78,'78','Г.Санкт-Петербург',NULL,NULL),(79,'79','Еврейская автономная область',NULL,NULL),(80,'86','Ханты-Мансийский автономный округ - Югра',NULL,NULL),(81,'87','Чукотский автономный округ',NULL,NULL),(82,'89','Ямало-Ненецкий автономный округ',NULL,NULL),(83,'91','Республика Крым',NULL,NULL),(84,'92','Г.Севастополь',NULL,NULL),(85,'99','Иные территории,включая город и космодром Байконур',NULL,NULL);
/*!40000 ALTER TABLE `subjects` ENABLE KEYS */;
UNLOCK TABLES;

--
-- Table structure for table `tables`
--

DROP TABLE IF EXISTS `tables`;
/*!40101 SET @saved_cs_client     = @@character_set_client */;
/*!50503 SET character_set_client = utf8mb4 */;
CREATE TABLE `tables` (
  `id` bigint unsigned NOT NULL AUTO_INCREMENT,
  `name` varchar(255) COLLATE utf8mb4_unicode_ci NOT NULL,
  `code` varchar(255) COLLATE utf8mb4_unicode_ci NOT NULL,
  `created_at` timestamp NULL DEFAULT NULL,
  `updated_at` timestamp NULL DEFAULT NULL,
  PRIMARY KEY (`id`)
) ENGINE=InnoDB AUTO_INCREMENT=22 DEFAULT CHARSET=utf8mb4 COLLATE=utf8mb4_unicode_ci;
/*!40101 SET character_set_client = @saved_cs_client */;

--
-- Dumping data for table `tables`
--

LOCK TABLES `tables` WRITE;
/*!40000 ALTER TABLE `tables` DISABLE KEYS */;
INSERT INTO `tables` VALUES (1,'Банк','banks',NULL,NULL),(2,'Вид даты - Основание платежа','data_kind_payment_basis',NULL,NULL),(3,'Вид даты','data_kinds',NULL,NULL),(4,'ИФНС','ifns',NULL,NULL),(5,'КБК','kbks',NULL,NULL),(6,'ОКТМО','oktmos',NULL,NULL),(7,'Статус плательщика','payer_statuses',NULL,NULL),(8,'Статус плательщика - Основание платежа','payer_type_payment_basis',NULL,NULL),(9,'Тип плательщика - Вид платежа','payer_type_payment_kind',NULL,NULL),(10,'Вид плательщика','payer_types',NULL,NULL),(11,'Основание платежа','payment_bases',NULL,NULL),(12,'Платежный документ','payment_documents',NULL,NULL),(13,'Вид платежа','payment_kinds',NULL,NULL),(14,'Наименование платежа - Тип платежа','payment_name_payment_type',NULL,NULL),(15,'Наименование платежа','payment_names',NULL,NULL),(16,'Тип платежа','payment_types',NULL,NULL),(17,'Элемент периода','period_items',NULL,NULL),(18,'Период','periods',NULL,NULL),(19,'Получатель','recipients',NULL,NULL),(20,'Субъект','subjects',NULL,NULL),(21,'Пользователь','users',NULL,NULL);
/*!40000 ALTER TABLE `tables` ENABLE KEYS */;
UNLOCK TABLES;

--
-- Table structure for table `users`
--

DROP TABLE IF EXISTS `users`;
/*!40101 SET @saved_cs_client     = @@character_set_client */;
/*!50503 SET character_set_client = utf8mb4 */;
CREATE TABLE `users` (
  `id` bigint unsigned NOT NULL AUTO_INCREMENT,
  `name` varchar(255) COLLATE utf8mb4_unicode_ci NOT NULL,
  `email` varchar(255) COLLATE utf8mb4_unicode_ci NOT NULL,
  `email_verified_at` timestamp NULL DEFAULT NULL,
  `password` varchar(255) COLLATE utf8mb4_unicode_ci NOT NULL,
  `remember_token` varchar(100) COLLATE utf8mb4_unicode_ci DEFAULT NULL,
  `created_at` timestamp NULL DEFAULT NULL,
  `updated_at` timestamp NULL DEFAULT NULL,
  `firstname` varchar(255) COLLATE utf8mb4_unicode_ci DEFAULT NULL,
  `surname` varchar(255) COLLATE utf8mb4_unicode_ci DEFAULT NULL,
  `patronymic` varchar(255) COLLATE utf8mb4_unicode_ci DEFAULT NULL,
  `inn` varchar(255) COLLATE utf8mb4_unicode_ci DEFAULT NULL,
  `address` text COLLATE utf8mb4_unicode_ci,
  `role_id` bigint unsigned DEFAULT NULL,
  PRIMARY KEY (`id`),
  UNIQUE KEY `users_email_unique` (`email`),
  KEY `users_role_id_foreign` (`role_id`),
  CONSTRAINT `users_role_id_foreign` FOREIGN KEY (`role_id`) REFERENCES `roles` (`id`)
) ENGINE=InnoDB AUTO_INCREMENT=4 DEFAULT CHARSET=utf8mb4 COLLATE=utf8mb4_unicode_ci;
/*!40101 SET character_set_client = @saved_cs_client */;

--
-- Dumping data for table `users`
--

LOCK TABLES `users` WRITE;
/*!40000 ALTER TABLE `users` DISABLE KEYS */;
INSERT INTO `users` VALUES (1,'admin','admin@admin.com',NULL,'$2y$10$3MUUShu0S3dWYIg2dTF85.KREUm4mF/YN/P0qsMfQtdIDIdf34oRO','xN0CcdvukYX1A5ZTkrB3G4Wf5UkOjuqkKr1nSMuJVh6WKp9AB9lWFLWBPxRu','2020-10-31 16:20:53','2020-12-23 11:55:40','Артём','Синкевич','Станиславович','780204893183','пр. Ленина 122 к. 2',1),(2,'user','user@user.com',NULL,'$2y$10$vxfZEZvg3imIsatH8iJqhuleRe6WdNTUNjUT4Vc40iAPA4xcGFYHK',NULL,'2020-12-24 13:27:25','2020-12-24 13:27:25','Пользователь','Пользователев','Пользователевич',NULL,NULL,3),(3,'worker','worker@worker.com',NULL,'$2y$10$b8rUo4BXhJtbDlMdVIKy7ezzFd9ZdL/MVnEPs4WwGPjsPG5DMTJ8C',NULL,'2020-12-26 08:21:34','2020-12-26 08:21:34','Работник','Работников','Работникович',NULL,NULL,2);
/*!40000 ALTER TABLE `users` ENABLE KEYS */;
UNLOCK TABLES;
/*!40103 SET TIME_ZONE=@OLD_TIME_ZONE */;

/*!40101 SET SQL_MODE=@OLD_SQL_MODE */;
/*!40014 SET FOREIGN_KEY_CHECKS=@OLD_FOREIGN_KEY_CHECKS */;
/*!40014 SET UNIQUE_CHECKS=@OLD_UNIQUE_CHECKS */;
/*!40101 SET CHARACTER_SET_CLIENT=@OLD_CHARACTER_SET_CLIENT */;
/*!40101 SET CHARACTER_SET_RESULTS=@OLD_CHARACTER_SET_RESULTS */;
/*!40101 SET COLLATION_CONNECTION=@OLD_COLLATION_CONNECTION */;
/*!40111 SET SQL_NOTES=@OLD_SQL_NOTES */;

-- Dump completed on 2020-12-27 13:53:58
